fid,urban_aggl,latitude,longitude,country_en,country_fr,gl,hl1,hl2,hl3,hl4,hl5,hl6,city_en,city_hl1,city_hl2,city_hl3,city_hl4,city_hl5,city_hl6,river_en,river_hl1,river_hl2,river_hl3,river_hl4,river_hl5,river_hl6,multiple_rivers,river_position,sub_continent,clim,clco,biome
38,Qacentina,"36,3549","6,6073",Algeria,Algérie,dz,ar,fr,no data,no data,no data,no data,Constantine;Qacentina;Kasantina,قسنطينة,Constantine,no data,no data,no data,no data,Rhumel river;Rhummel river;Rummel river;El-Kebîrl,وادي الرمال,fleuve Rhummel;fleuve Rummel,no data,no data,no data,no data,FALSE,inside,AF,c11,c12,b12
696,San Salvador de Jujuy,"-24,1946","-65,2971",Argentina,Argentine,ar,es,no data,no data,no data,no data,no data,San Salvador de Jujuy,San Salvador de Jujuy,no data,no data,no data,no data,no data,Rio Grande,Río Grande;Río Grande de Jujuy,no data,no data,no data,no data,no data,FALSE,inside,SA,c08,c14,b10
705,Posadas,"-27,3671","-55,8961",Argentina,Argentine,ar,es,no data,no data,no data,no data,no data,Posadas,Posadas,no data,no data,no data,no data,no data,Paraná River,Rio Paraná,no data,no data,no data,no data,no data,FALSE,adjacent,SA,c14,c01,b01
706,Resistencia,"-27,4606","-58,9839",Argentina,Argentine,ar,es,no data,no data,no data,no data,no data,Resistencia,Resistencia,no data,no data,no data,no data,no data,Negro River,río Negro,no data,no data,no data,no data,no data,FALSE,adjacent,SA,c13,c02,b07
707,Corrientes,"-27,4806","-58,8341",Argentina,Argentine,ar,es,no data,no data,no data,no data,no data,Corrientes,Corrientes,no data,no data,no data,no data,no data,Paraná River,Rio Paraná,no data,no data,no data,no data,no data,FALSE,adjacent,SA,c13,c20,b09
713,Cordoba,"-31,4135","-64,1811",Argentina,Argentine,ar,es,no data,no data,no data,no data,no data,Cordoba,Córdoba,no data,no data,no data,no data,no data,Suquía River;Primero river,Río Suquía;Río Primero,no data,no data,no data,no data,no data,FALSE,inside,SA,c12,c16,b08
714,Santa Fe,"-31,6327","-60,6983",Argentina,Argentine,ar,es,no data,no data,no data,no data,no data,Santa Fe,Santa Fe;Santa Fe de la Vera Cruz,no data,no data,no data,no data,no data,Salado River,río Salado,no data,no data,no data,no data,no data,FALSE,adjacent,SA,c14,c15,b09
718,Rosario,"-32,9468","-60,6393",Argentina,Argentine,ar,es,no data,no data,no data,no data,no data,Rosario,Rosario,no data,no data,no data,no data,no data,Paraná River,Rio Paraná,no data,no data,no data,no data,no data,FALSE,adjacent,SA,c12,c16,b08
722,Buenos Aires,"-34,6051","-58,4004",Argentina,Argentine,ar,es,no data,no data,no data,no data,no data,Buenos Aires,Buenos Aires,no data,no data,no data,no data,no data,River Plate;La Plata River,Río de la Plata,no data,no data,no data,no data,no data,FALSE,far,SA,c12,c14,b08
726,Bahía Blanca,"-38,7196","-62,2724",Argentina,Argentine,ar,es,no data,no data,no data,no data,no data,Bahía Blanca,Bahía Blanca,no data,no data,no data,no data,no data,Napostá Stream,Arroyo Napostá,no data,no data,no data,no data,no data,FALSE,adjacent,SA,c11,c14,b08
727_1_a,Neuquen,"-38,9514","-68,0648",Argentina,Argentine,ar,es,no data,no data,no data,no data,no data,Neuquen,Neuquen,no data,no data,no data,no data,no data,Río Negro,Río negro,no data,no data,no data,no data,no data,TRUE,adjacent,SA,c11,c14,b08
727_1_b,Neuquen,"-38,9514","-68,0648",Argentina,Argentine,ar,es,no data,no data,no data,no data,no data,Neuquen,Neuquen,no data,no data,no data,no data,no data,Limay river,Río limay,no data,no data,no data,no data,no data,TRUE,adjacent,SA,c11,c14,b08
727_1_c,Neuquen,"-38,9514","-68,0648",Argentina,Argentine,ar,es,no data,no data,no data,no data,no data,Neuquen,Neuquen,no data,no data,no data,no data,no data,Neuquén river,Río Neuquén,no data,no data,no data,no data,no data,TRUE,adjacent,SA,c11,c14,b08
727_2_a,Plottier,"-38,9514","-68,0648",Argentina,Argentine,ar,es,no data,no data,no data,no data,no data,Plottier,Plottier,no data,no data,no data,no data,no data,Río Negro,Río negro,no data,no data,no data,no data,no data,TRUE,adjacent,SA,c11,c14,b08
727_2_b,Plottier,"-38,9514","-68,0648",Argentina,Argentine,ar,es,no data,no data,no data,no data,no data,Plottier,Plottier,no data,no data,no data,no data,no data,Limay river,Río limay,no data,no data,no data,no data,no data,TRUE,adjacent,SA,c11,c14,b08
727_2_c,Plottier,"-38,9514","-68,0648",Argentina,Argentine,ar,es,no data,no data,no data,no data,no data,Plottier,Plottier,no data,no data,no data,no data,no data,Neuquén river,Río Neuquén,no data,no data,no data,no data,no data,TRUE,adjacent,SA,c11,c14,b08
727_3_a,Cipolletti,"-38,9514","-68,0648",Argentina,Argentine,ar,es,no data,no data,no data,no data,no data,Cipolletti,Cipolletti,no data,no data,no data,no data,no data,Río Negro,Río negro,no data,no data,no data,no data,no data,TRUE,adjacent,SA,c11,c14,b08
727_3_b,Cipolletti,"-38,9514","-68,0648",Argentina,Argentine,ar,es,no data,no data,no data,no data,no data,Cipolletti,Cipolletti,no data,no data,no data,no data,no data,Limay river,Río limay,no data,no data,no data,no data,no data,TRUE,adjacent,SA,c11,c14,b08
727_3_c,Cipolletti,"-38,9514","-68,0648",Argentina,Argentine,ar,es,no data,no data,no data,no data,no data,Cipolletti,Cipolletti,no data,no data,no data,no data,no data,Neuquén river,Río Neuquén,no data,no data,no data,no data,no data,TRUE,adjacent,SA,c11,c14,b08
935,Yerevan,"40,182","44,5146",Armenia,Arménie,am,hy,no data,no data,no data,no data,no data,Yerevan;Erevan,Երևան,no data,no data,no data,no data,no data,Hrazdan river,Հրազդան,no data,no data,no data,no data,no data,FALSE,inside,AS_W,c08,c12,b08
708,Brisbane,"-27,4679","153,0281",Australia,Australie,au,en,no data,no data,no data,no data,no data,Brisbane,Brisbane,no data,no data,no data,no data,no data,Brisbane river,Brisbane river,no data,no data,no data,no data,no data,FALSE,inside,AS_SE,c14,c01,b04
716,Perth,"-31,9478","115,8525",Australia,Australie,au,en,no data,no data,no data,no data,no data,Perth,Perth,no data,no data,no data,no data,no data,Swan river;Melville water;Perth water,Swan river;Melville water;Perth water,no data,no data,no data,no data,no data,FALSE,inside,AS_SE,c12,c01,b12
724,Melbourne,"-37,814","144,9633",Australia,Australie,au,en,no data,no data,no data,no data,no data,Melbourne,Melbourne,no data,no data,no data,no data,no data,Yarra river,Yarra river,no data,no data,no data,no data,no data,FALSE,inside,AS_SE,c11,c01,b04
717_1,Newcastle,"-32,9249","151,7409",Australia,Australie,au,en,no data,no data,no data,no data,no data,Newcastle,Newcastle,no data,no data,no data,no data,no data,Hunter river,Hunter river,no data,no data,no data,no data,no data,FALSE,adjacent?,AS_SE,c11,c01,b04
717_2,Maitland,"-32,9249","151,7409",Australia,Australie,au,en,no data,no data,no data,no data,no data,Maitland,Maitland,no data,no data,no data,no data,no data,Hunter river,Hunter river,no data,no data,no data,no data,no data,FALSE,adjacent?,AS_SE,c12,c02,b05
552,Sylhet,"24,8967","91,8717",Bangladesh,Bangladesh,bd,bn,no data,no data,no data,no data,no data,Sylhet,সিলেট,no data,no data,no data,no data,no data,Surma River,সুরমা নদী,no data,no data,no data,no data,no data,FALSE,inside,AS_SE,c13,c16,b01
589,Rangpur,"25,75","89,25",Bangladesh,Bangladesh,bd,bn,no data,no data,no data,no data,no data,Rangpur,রংপুর,no data,no data,no data,no data,no data,Ghaghot river,ঘাঘট নদী,no data,no data,no data,no data,no data,FALSE,adjacent,AS_SE,c13,c16,b01
623,Mymensingh,"24,75","90,4",Bangladesh,Bangladesh,bd,bn,no data,no data,no data,no data,no data,Mymensingh,ময়মনসিংহ,no data,no data,no data,no data,no data,Old Brahmaputra river,পুরাতন ব্রহ্মপুত্র নদী,no data,no data,no data,no data,no data,FALSE,adjacent,AS_SE,c18,c16,b01
627,Mogilev,"53,9141","30,3376",Belarus,Biélorussie,by,be,ru,no data,no data,no data,no data,Mogilev;Mahiliow,Магілёў,Могилёв,no data,no data,no data,no data,Dnieper river;Dniapro river;Dnipro river;Dniepr river,Дняпро,Днепр,no data,no data,no data,no data,FALSE,inside,EU,c07,c13,b04
740_a,Brest,"52,0976","23,6878",Belarus,Biélorussie,by,be,ru,no data,no data,no data,no data,Brest,Брэст,Брест,no data,no data,no data,no data,Bug River,Заходні Буг,Западный Буг,no data,no data,no data,no data,TRUE,adjacent,EU,c08,c16,b04
740_b,Brest,"52,0976","23,6878",Belarus,Biélorussie,by,be,ru,no data,no data,no data,no data,Brest,Брэст,Брест,no data,no data,no data,no data,Mukhavets River,Мухавец,Мухавец,no data,no data,no data,no data,TRUE,adjacent,EU,c08,c16,b04
764,Bruxelles-Brussel,"50,8467","4,3499",Belgium,Belgique,be,fr,nl,de,no data,no data,no data,Brussels,Bruxelles,Brussel,Brüssel,no data,no data,no data,Zenne river;Senne river,rivière Senne,Zenne rivier,Senne Dijle;Zenne Dijle,no data,no data,no data,FALSE,inside,EU,c10,c16,b04
767_a,Liège,"50,6337","5,5675",Belgium,Belgique,be,fr,nl,de,no data,no data,no data,Liège,Liège,Luik,Lüttich ,no data,no data,no data,Meuse river;Maas river,fleuve Meuse,Maas rivier,Maas Fluss,no data,no data,no data,TRUE,inside,EU,c10,c16,b04
767_b,Liège,"50,6337","5,5675",Belgium,Belgique,be,fr,nl,de,no data,no data,no data,Liège,Liège,Luik,Lüttich ,no data,no data,no data,Ourthe river,rivière Ourthe,Ourthe rivier,Ourth Fluss,no data,no data,no data,TRUE,inside,EU,c10,c16,b04
595,Abomey-Calavi,"6,4485","2,3557",Benin,Bénin,bj,fr,yo,no data,no data,no data,no data,Abomey-Calavi,Abomey-Calavi,Abomey-Calavi,no data,no data,no data,no data,Ouémé river;Weme river,fleuve Ouémé,Odò Ofe,no data,no data,no data,no data,FALSE,adjacent,AF,c17,c12,b07
857,Sarajevo,"43,8486","18,3564",Bosnia and Herzegovina,Bosnie-Herzégovine,ba,bs,hr,sr,no data,no data,no data,Sarajevo,Sarajevo,Sarajevo,Сарајево,no data,no data,no data,Miljacka River,Miljacka rijeka,Miljacka (rijeka),река Миљацка,no data,no data,no data,FALSE,inside,EU,c10,c16,b04
626,Belém,"-1,4561","-48,479",Brazil,Brésil,br,pt,no data,no data,no data,no data,no data,Belém,Belém,no data,no data,no data,no data,no data,Guamá River,rio Guamá,no data,no data,no data,no data,no data,FALSE,adjacent,SA,c18,c16,b01
636,Manaus,"-3,1019","-60,025",Brazil,Brésil,br,pt,no data,no data,no data,no data,no data,Manaus,Manaus,no data,no data,no data,no data,no data,Negro River,rio Negro,no data,no data,no data,no data,no data,FALSE,adjacent,SA,c18,c01,b01
662,Porto Velho,"-8,7619","-63,9039",Brazil,Brésil,br,pt,no data,no data,no data,no data,no data,Porto Velho,Porto Velho,no data,no data,no data,no data,no data,Madeira River,Rio Madeira,no data,no data,no data,no data,no data,FALSE,adjacent,SA,c18,c01,b01
663,Petrolina,"-9,3986","-40,5008",Brazil,Brésil,br,pt,no data,no data,no data,no data,no data,Petrolina,Petrolina,no data,no data,no data,no data,no data,São Francisco River,rio São Francisco,no data,no data,no data,no data,no data,FALSE,inside,SA,c18,c18,b02
667,Aracaju,"-10,9111","-37,0717",Brazil,Brésil,br,pt,no data,no data,no data,no data,no data,Aracaju,Aracaju,no data,no data,no data,no data,no data,Sergipe River,rio Sergipe,no data,no data,no data,no data,no data,FALSE,adjacent,SA,c18,c17,b02
695,São Paulo,"-23,5475","-46,6361",Brazil,Brésil,br,pt,no data,no data,no data,no data,no data,São Paulo,São Paulo,no data,no data,no data,no data,no data,Tietê River,Rio Tietê,no data,no data,no data,no data,no data,FALSE,inside,SA,c14,c16,b01
715,Pelotas,"-31,7719","-52,3425",Brazil,Brésil,br,pt,no data,no data,no data,no data,no data,Pelotas,Pelotas,no data,no data,no data,no data,no data,São Gonçalo Channel,Canal São Gonçalo,no data,no data,no data,no data,no data,FALSE,adjacent,SA,c14,c13,b07
660_a,Recife,"-8,0539","-34,8811",Brazil,Brésil,br,pt,no data,no data,no data,no data,no data,Recife,Recife,no data,no data,no data,no data,no data,Capibaribe River,Rio Capibaribe,no data,no data,no data,no data,no data,TRUE,inside,SA,c18,c17,b01
660_b,Recife,"-8,0539","-34,8811",Brazil,Brésil,br,pt,no data,no data,no data,no data,no data,Recife,Recife,no data,no data,no data,no data,no data,Beberibe river,Rio Beberibe,no data,no data,no data,no data,no data,TRUE,inside,SA,c18,c17,b01
712_a,Porto Alegre,"-30,0331","-51,23",Brazil,Brésil,br,pt,no data,no data,no data,no data,no data,Porto Alegre,Porto Alegre,no data,no data,no data,no data,no data,Guaíba river,Rio Guaíba,no data,no data,no data,no data,no data,TRUE,adjacent,SA,c14,c17,b01
712_b,Porto Alegre,"-30,0331","-51,23",Brazil,Brésil,br,pt,no data,no data,no data,no data,no data,Porto Alegre,Porto Alegre,no data,no data,no data,no data,no data,Jacuí River,Rio Jacuí,no data,no data,no data,no data,no data,TRUE,adjacent,SA,c14,c17,b01
712_c,Porto Alegre,"-30,0331","-51,23",Brazil,Brésil,br,pt,no data,no data,no data,no data,no data,Porto Alegre,Porto Alegre,no data,no data,no data,no data,no data,Rio dos Sinos,Rio dos Sinos,no data,no data,no data,no data,no data,TRUE,adjacent,SA,c14,c17,b01
712_d,Porto Alegre,"-30,0331","-51,23",Brazil,Brésil,br,pt,no data,no data,no data,no data,no data,Porto Alegre,Porto Alegre,no data,no data,no data,no data,no data,Gravataí River,Rio Gravataí,no data,no data,no data,no data,no data,TRUE,adjacent,SA,c14,c17,b01
712_e,Porto Alegre,"-30,0331","-51,23",Brazil,Brésil,br,pt,no data,no data,no data,no data,no data,Porto Alegre,Porto Alegre,no data,no data,no data,no data,no data,Caí River,Rio Caí,no data,no data,no data,no data,no data,TRUE,adjacent,SA,c14,c17,b01
881,Sofia,"42,6975","23,3242",Bulgaria,Bulgarie,bg,bg,tr,no data,no data,no data,no data,Sofia,София,Sofya,no data,no data,no data,no data,Iskar River,Искър,İskar Nehri,no data,no data,no data,no data,FALSE,adjacent,EU,c08,c16,b04
640,Bujumbura,"-3,3822","29,3644",Burundi,Burundi,bi,fr,en,sw,no data,no data,no data,Bujumbura,Bujumbura,Bujumbura,Bujumbura,no data,no data,no data,Ruzizi river,Rivière Ruzizi;rivière Ruzisi;rivière Rusizi,Ruzizi river,Mto Ruzizi;Mto Rusizi,no data,no data,no data,FALSE,far,AF,c18,c01,b01
504,Phnum Pénh (Phnom Penh),"11,5625","104,916",Cambodia,Cambodge,kh,km,no data,no data,no data,no data,no data,Phnom Penh;Phnum Pénh,ភ្នំពេញ,no data,no data,no data,no data,no data,Mekong river,មេគង្គ,no data,no data,no data,no data,no data,FALSE,adjacent,AS_SE,c17,c16,b01
610,Douala,"4,0483","9,7043",Cameroon,Cameroon,cm,fr,en,no data,no data,no data,no data,Douala,Douala,Douala,no data,no data,no data,no data,Wouri river,fleuve Wouri,Wouri river,no data,no data,no data,no data,FALSE,adjacent,AF,c18,c01,b01
671,Edmonton,"53,5434","-113,5037",Canada,Canada,ca,en,fr,no data,no data,no data,no data,Edmonton,Edmonton,Edmonton,no data,no data,no data,no data,North Saskatchewan River,North Saskatchewan River,Rivière Saskatchewan Nord,no data,no data,no data,no data,FALSE,inside,NAm,c07,c16,b06
739,Saskatoon,"52,1168","-106,6345",Canada,Canada,ca,en,fr,no data,no data,no data,no data,Saskatoon,Saskatoon,Saskatoon,no data,no data,no data,no data,South Saskatchewan river,South Saskatchewan river,rivière Saskatchewan Sud,no data,no data,no data,no data,FALSE,inside,NAm,c08,c16,b08
762,Calgary,"51,0441","-114,0593",Canada,Canada,ca,en,fr,no data,no data,no data,no data,Calgary,Calgary,Calgary,no data,no data,no data,no data,Bow River,Bow River,rivière Bow,no data,no data,no data,no data,FALSE,inside,NAm,c08,c04,b08
782,Winnipeg,"49,8955","-97,1294",Canada,Canada,ca,en,fr,no data,no data,no data,no data,Winnipeg,Winnipeg,Winnipeg,no data,no data,no data,no data,Red River;Red River of the North,Red River;Red River of the North,rivière rouge,no data,no data,no data,no data,FALSE,inside,NAm,c08,c16,b08
788,Vancouver,"49,2497","-123,1193",Canada,Canada,ca,en,fr,no data,no data,no data,no data,Vancouver,Vancouver,Vancouver,no data,no data,no data,no data,Fraser River,Fraser River,Fleuve Fraser,no data,no data,no data,no data,FALSE,inside,NAm,c06,c04,b05
822,Québec,"46,8123","-71,2145",Canada,Canada,ca,fr,en,no data,no data,no data,no data,Quebec City,Québec,Quebec city,no data,no data,no data,no data,Saint Lawrence river;St. Lawrence river,Fleuve Saint-Laurent,Saint Lawrence river;St. Lawrence river,no data,no data,no data,no data,FALSE,inside,NAm,c07,c06,b04
839,Montréal,"45,5088","-73,5878",Canada,Canada,ca,fr,en,no data,no data,no data,no data,Montreal,Montréal,Montreal,no data,no data,no data,no data,Saint Lawrence River,Fleuve Saint-Laurent,Saint Lawrence River,no data,no data,no data,no data,FALSE,inside,NAm,c07,c06,b04
875,London,"42,9834","-81,233",Canada,Canada,ca,en,fr,no data,no data,no data,no data,London (Ontario),London (Ontario),London (Ontario),no data,no data,no data,no data,Thames River,Thames River,rivière Thames,no data,no data,no data,no data,FALSE,inside,NAm,c07,c16,b04
841_1,Ottawa,"45,4166","-75,698",Canada,Canada,ca,en,fr,no data,no data,no data,no data,Ottawa,Ottawa,Ottawa,no data,no data,no data,no data,Ottawa River,Ottawa River,rivière des Outaouais,no data,no data,no data,no data,FALSE,inside,NAm,c07,c02,b04
841_2,Gatineau,"45,4166","-75,698",Canada,Canada,ca,fr,en,no data,no data,no data,no data,Gatineau,Gatineau,Gatineau,no data,no data,no data,no data,Ottawa River,rivière des Outaouais,Ottawa River,no data,no data,no data,no data,FALSE,inside,NAm,c08,c03,b05
863_1,Kitchener,"43,4254","-80,5112",Canada,Canada,ca,en,fr,no data,no data,no data,no data,Kitchener,Kitchener,Kitchener,no data,no data,no data,no data,Grand River,Grand River,rivière Grand,no data,no data,no data,no data,FALSE,adjacent,NAm,c07,c16,b04
863_2,Cambridge,"43,4254","-80,5112",Canada,Canada,ca,en,fr,no data,no data,no data,no data,Cambridge,Cambridge,Cambridge,no data,no data,no data,no data,Grand River,Grand River,rivière Grand,no data,no data,no data,no data,FALSE,adjacent,NAm,c08,c17,b05
863_3,Waterloo,"43,4254","-80,5112",Canada,Canada,ca,en,fr,no data,no data,no data,no data,Waterloo,Waterloo,Waterloo,no data,no data,no data,no data,Grand River,Grand River,rivière Grand,no data,no data,no data,no data,FALSE,adjacent,NAm,c09,c18,b06
892_1,Windsor,"42,2811","-83,0079",Canada,Canada,ca,en,fr,no data,no data,no data,no data,Windsor,Windsor,Windsor,no data,no data,no data,no data,Detroit River,Detroit River,rivière Détroit,no data,no data,no data,no data,FALSE,inside,NAm,c10,c22,b04
608,Bangui,"4,3612","18,555",Central African Republic,Centrafrique,cf,fr,no data,no data,no data,no data,no data,Bangui,Bangui,no data,no data,no data,no data,no data,Ubangi River,Rivière Ubangi,no data,no data,no data,no data,no data,FALSE,adjacent,AF,c18,c09,b01
536_a,N'Djaména,"12,1067","15,0444",Chad,Chad,td,fr,ar,no data,no data,no data,no data,N'Djamena,N'Djaména,انجمينا,no data,no data,no data,no data,Chari river,fleuve Chari,نهر شاري,no data,no data,no data,no data,TRUE,inside,AF,c17,c16,b07
536_b,N'Djaména,"12,1067","15,0444",Chad,Chad,td,fr,ar,no data,no data,no data,no data,N'Djamena,N'Djaména,انجمينا,no data,no data,no data,no data,Logone river,fleuve Logone,نهر لوغون,no data,no data,no data,no data,TRUE,inside,AF,c17,c16,b07
723,Concepción,"-36,827","-73,0498",Chile,Chili,cl,es,no data,no data,no data,no data,no data,Concepción,Concepción,no data,no data,no data,no data,no data,Biobío River,Río Biobío,no data,no data,no data,no data,no data,FALSE,inside,SA,c11,c03,b04
725,Temuco,"-38,7333","-72,6",Chile,Chili,cl,es,no data,no data,no data,no data,no data,Temuco,Temuco,no data,no data,no data,no data,no data,Cautín River,Río Cautín,no data,no data,no data,no data,no data,FALSE,inside,SA,c10,c03,b04
711_1,La Serena,"-29,9045","-71,2489",Chile,Chili,cl,es,no data,no data,no data,no data,no data,La Serena,La Serena,no data,no data,no data,no data,no data,Elqui River,río Elqui,no data,no data,no data,no data,no data,FALSE,inside,SA,c11,c12,b12
711_2,Coquimbo,"-29,9045","-71,2489",Chile,Chili,cl,es,no data,no data,no data,no data,no data,Coquimbo,Coquimbo,no data,no data,no data,no data,no data,Elqui River,río Elqui,no data,no data,no data,no data,no data,FALSE,inside,SA,c11,c12,b12
721_a,Santiago (de Chile),"-33,4569","-70,6483",Chile,Chili,cl,es,no data,no data,no data,no data,no data,Santiago (de Chile),Santiago (de Chile),no data,no data,no data,no data,no data,Maipo River,río Maipo,no data,no data,no data,no data,no data,TRUE,adjacent,SA,c11,c14,b04
721_b,Santiago (de Chile),"-33,4569","-70,6483",Chile,Chili,cl,es,no data,no data,no data,no data,no data,Santiago (de Chile),Santiago (de Chile),no data,no data,no data,no data,no data,Mapocho river,Río Mapocho,no data,no data,no data,no data,no data,TRUE,adjacent,SA,c11,c14,b04
5,Lvliang,"37,5195","111,1318",China,Chine,cn,zh,no data,no data,no data,no data,no data,Lvliang;Lüliang;Lǚliáng;Lyuliang,吕梁市,no data,no data,no data,no data,no data,Sanchuan river,三川河,no data,no data,no data,no data,no data,FALSE,inside,AS_CHN,c08,c16,b04
28,Xining,"36,6167","101,7667",China,Chine,cn,zh,no data,no data,no data,no data,no data,Xining,西宁市,no data,no data,no data,no data,no data,Huangshui river;Huang river,湟水;湟水河,no data,no data,no data,no data,no data,FALSE,inside,AS_CHN,c07,c13,b10
29,"Ji'nan, Shandong","36,6767","116,9971",China,Chine,cn,zh,no data,no data,no data,no data,no data,Jinan,济南市,no data,no data,no data,no data,no data,Yellow river;Huang He,黄河,no data,no data,no data,no data,no data,FALSE,adjacent,AS_CHN,c11,c16,b04
77,"Linyi, Shandong","35,0541","118,3334",China,Chine,cn,zh,no data,no data,no data,no data,no data,Linyi,临沂市,no data,no data,no data,no data,no data,Yi river;Yi he river,沂河,no data,no data,no data,no data,no data,FALSE,inside,AS_CHN,c11,c16,b04
78,Tongchuan,"34,8988","108,9506",China,Chine,cn,zh,no data,no data,no data,no data,no data,Tongchuan,铜川市,no data,no data,no data,no data,no data,Duanchan river,石川河,no data,no data,no data,no data,no data,FALSE,inside,AS_CHN,c11,c16,b04
108,Huaibei,"33,9549","116,7929",China,Chine,cn,zh,no data,no data,no data,no data,no data,Huaibei,淮北市,no data,no data,no data,no data,no data,Sui river;Sui he,濉河,no data,no data,no data,no data,no data,FALSE,adjacent/inside,AS_CHN,c11,c16,b04
124,Hanzhong,"33,0728","107,0303",China,Chine,cn,zh,no data,no data,no data,no data,no data,Hanzhong,汉中市,no data,no data,no data,no data,no data,Han river;Hanshui;Han Jiang,汉江,no data,no data,no data,no data,no data,FALSE,adjacent,AS_CHN,c11,c02,b04
134,Ankang,"32,6912","109,0297",China,Chine,cn,zh,no data,no data,no data,no data,no data,Ankang,安康市,no data,no data,no data,no data,no data,Han river,汉江,no data,no data,no data,no data,no data,FALSE,adjacent,AS_CHN,c11,c13,b04
162,"Nanjing, Jiangsu","32,0482","118,7898",China,Chine,cn,zh,no data,no data,no data,no data,no data,Nanjing;Nanking;Nankin,南京市,no data,no data,no data,no data,no data,Yangtze river;Yangzi river;Changjiang;Chang jiang,长江,no data,no data,no data,no data,no data,FALSE,adjacent,AS_CHN,c11,c04,b04
187,Dujiangyan,"30,9966","103,6281",China,Chine,cn,zh,no data,no data,no data,no data,no data,Dujiangyan,都江堰市,no data,no data,no data,no data,no data,Min river;Min Jiang,岷江,no data,no data,no data,no data,no data,FALSE,inside/adjacent,AS_CHN,c06,c04,b05
193,Tongling,"30,9363","117,8109",China,Chine,cn,zh,no data,no data,no data,no data,no data,Tongling,铜陵 市,no data,no data,no data,no data,no data,Yangtze river;Yangzi river;Changjiang;Chang jiang,长江,no data,no data,no data,no data,no data,FALSE,adjacent,AS_CHN,c14,c16,b04
212,Wuhan,"30,5833","114,2667",China,Chine,cn,zh,no data,no data,no data,no data,no data,Wuhan,武汉市,no data,no data,no data,no data,no data,Yangtze river;Yangzi river;Changjiang;Chang jiang,长江,no data,no data,no data,no data,no data,FALSE,inside,AS_CHN,c11,c16,b04
221,Songzi,"30,1736","111,7761",China,Chine,cn,zh,no data,no data,no data,no data,no data,Songzi,松滋市,no data,no data,no data,no data,no data,Songzi River;Songzi he,松滋河,no data,no data,no data,no data,no data,FALSE,inside,AS_CHN,c11,c11,b01
229,Yaan,"29,9874","102,9945",China,Chine,cn,zh,no data,no data,no data,no data,no data,Ya'an,雅安市,no data,no data,no data,no data,no data,Qingyi river;Qingyi jiang;Qingyijiang,青衣江,no data,no data,no data,no data,no data,FALSE,inside,AS_CHN,c11,c01,b05
230,Shangyu,"30,0311","120,8722",China,Chine,cn,zh,no data,no data,no data,no data,no data,Shangyu,上虞区,no data,no data,no data,no data,no data,Cao'e River;Cao'e jiang;Shangyu River,曹娥江,no data,no data,no data,no data,no data,FALSE,inside,AS_CHN,c14,c04,b01
232,Ningbo,"29,8782","121,5495",China,Chine,cn,zh,no data,no data,no data,no data,no data,Ningbo,宁波市,no data,no data,no data,no data,no data,Yong river;Yongjiang;Yong jiang,甬江,no data,no data,no data,no data,no data,FALSE,inside,AS_CHN,c14,c04,b01
237,Jiujiang,"29,7041","116,0013",China,Chine,cn,zh,no data,no data,no data,no data,no data,Jiujiang,九江市,no data,no data,no data,no data,no data,Yangtze river;Yangzi river;Changjiang;Chang jiang,长江,no data,no data,no data,no data,no data,FALSE,adjacent,AS_CHN,c14,c11,b04
271,Shangrao,"28,4604","117,9531",China,Chine,cn,zh,no data,no data,no data,no data,no data,Shangrao,上饶市,no data,no data,no data,no data,no data,Xin river;Xin jiang;Xin jiang ;Xinjiang ;Xinjiang,信江,no data,no data,no data,no data,no data,FALSE,inside,AS_CHN,c14,c16,b01
283,"Fuzhou, Jiangxi","27,9812","116,3557",China,Chine,cn,zh,no data,no data,no data,no data,no data,Fuzhou (Jiangxi),抚州市,no data,no data,no data,no data,no data,Fu river;Fuhe river,抚河,no data,no data,no data,no data,no data,FALSE,adjacent,AS_CHN,c14,c04,b01
292,Lengshuijiang,"27,6879","111,4374",China,Chine,cn,zh,no data,no data,no data,no data,no data,Lengshuijiang,冷水江市,no data,no data,no data,no data,no data,Zi river;Zi jiang;Zi shui,资水;资江,no data,no data,no data,no data,no data,FALSE,inside,AS_CHN,c14,c04,b01
295,Huaihua,"27,5494","109,9592",China,Chine,cn,zh,no data,no data,no data,no data,no data,Huaihua,怀化市,no data,no data,no data,no data,no data,Wushui river,㵲水,no data,no data,no data,no data,no data,FALSE,inside,AS_CHN,c11,c04,b01
312,Kaili,"26,5834","107,9719",China,Chine,cn,zh,no data,no data,no data,no data,no data,Kaili,凯里市,no data,no data,no data,no data,no data,Qingshui river;Qingshui he,清水河,no data,no data,no data,no data,no data,FALSE,adjacent,AS_CHN,c11,c11,b01
318,Sanming,"26,2641","117,6191",China,Chine,cn,zh,no data,no data,no data,no data,no data,Sanming,三明市,no data,no data,no data,no data,no data,Sha river;Sha xi,沙溪;沙溪河;沙河,no data,no data,no data,no data,no data,FALSE,inside,AS_CHN,c14,c01,b01
319,Xuanwei,"26,229","104,1018",China,Chine,cn,zh,no data,no data,no data,no data,no data,Xuanwei,宣威市,no data,no data,no data,no data,no data,Beipan river;Beipan jiang,北盘江,no data,no data,no data,no data,no data,FALSE,inside,AS_CHN,c11,c04,b01
353,Anning,"24,9211","102,4784",China,Chine,cn,zh,no data,no data,no data,no data,no data,Anning,安宁市,no data,no data,no data,no data,no data,Tanglang chuan;Tanglang chuan river;Tanglangchuan river;Tanglangchuan;Shahe (Tanglangchuan),螳螂川;沙河 (螳螂川),no data,no data,no data,no data,no data,FALSE,inside,AS_CHN,c11,c13,b01
404,Huizhou,"23,0833","114,4",China,Chine,cn,zh,no data,no data,no data,no data,no data,Huizhou,惠州市,no data,no data,no data,no data,no data,Dong river;Dong jiang river,东江,no data,no data,no data,no data,no data,FALSE,inside,AS_CHN,c13,c16,b01
811,Fujin,"47,2485","132,0373",China,Chine,cn,zh,no data,no data,no data,no data,no data,Fujin,富锦市,no data,no data,no data,no data,no data,Songhua river;Sunghwa river;Haixi river;Xingal river,松花江,no data,no data,no data,no data,no data,FALSE,adjacent,AS_CHN,c08,c16,b09
826,Wulanhaote,"46,0748","122,0679",China,Chine,cn,zh,mn,no data,no data,no data,no data,Ulanhot,乌兰浩特市,ᠤᠯᠠᠭᠠᠨᠬᠣᠲᠠ,no data,no data,no data,no data,Tao'er river,洮儿河,no data,no data,no data,no data,no data,FALSE,inside,AS_CHN,c08,c13,b08
830,Qitaihe,"45,7671","130,975",China,Chine,cn,zh,no data,no data,no data,no data,no data,Qitaihe,七台河市,no data,no data,no data,no data,no data,Woken river;Woken he,倭肯河,no data,no data,no data,no data,no data,FALSE,adjacent,AS_CHN,c08,c16,b04
849,Mudanjiang,"44,5833","129,6",China,Chine,cn,zh,no data,no data,no data,no data,no data,Mudanjiang,牡丹江市,no data,no data,no data,no data,no data,Mudan river;Mudan jiang,牡丹江,no data,no data,no data,no data,no data,FALSE,inside,AS_CHN,c08,c02,b04
874,Yanji,"42,9075","129,5078",China,Chine,cn,zh,ko,no data,no data,no data,no data,Yanji,延吉市;연길시,no data,no data,no data,no data,no data,Buerhatong River,布尔哈通河;부르하통강,no data,no data,no data,no data,no data,FALSE,inside,AS_CHN,c08,c02,b04
888,Tieling,"42,2931","123,8414",China,Chine,cn,zh,no data,no data,no data,no data,no data,Tieling,铁岭市,no data,no data,no data,no data,no data,Liao river,辽河,no data,no data,no data,no data,no data,FALSE,adjacent,AS_CHN,c09,c16,b04
895,"Fushun, Liaoning","41,8807","123,9467",China,Chine,cn,zh,no data,no data,no data,no data,no data,Fushun,抚顺市,no data,no data,no data,no data,no data,Hun river;Hun he,浑河,no data,no data,no data,no data,no data,FALSE,inside,AS_CHN,c10,c02,b04
913,Panjin,"41,1219","122,0701",China,Chine,cn,zh,no data,no data,no data,no data,no data,Panjin,盘锦市,no data,no data,no data,no data,no data,Liao river,辽河,no data,no data,no data,no data,no data,FALSE,adjacent,AS_CHN,c09,c16,b04
952,Langfang,"39,5097","116,6947",China,Chine,cn,zh,no data,no data,no data,no data,no data,Langfang,廊坊市,no data,no data,no data,no data,no data,Long he;Long river,龙河,no data,no data,no data,no data,no data,FALSE,adjacent,AS_CHN,c11,c16,b04
972,Yinchuan,"38,4681","106,2731",China,Chine,cn,zh,no data,no data,no data,no data,no data,Yinchuan,银川市,no data,no data,no data,no data,no data,Yellow river;Huang he,黄河,no data,no data,no data,no data,no data,FALSE,far,AS_CHN,c09,c14,b05
313_a,Panzhihua,"26,5851","101,7128",China,Chine,cn,zh,no data,no data,no data,no data,no data,Panzhihua,攀枝花市,no data,no data,no data,no data,no data,Jinsha river;Jinsha jiang;Lu river,金沙江,no data,no data,no data,no data,no data,TRUE,inside/adjacent,AS_CHN,c11,c04,b01
313_b,Panzhihua,"26,5851","101,7128",China,Chine,cn,zh,no data,no data,no data,no data,no data,Panzhihua,攀枝花市,no data,no data,no data,no data,no data,Yalong river,雅砻江,no data,no data,no data,no data,no data,TRUE,inside/adjacent,AS_CHN,c11,c04,b01
548,Barranquilla,"10,9639","-74,7964",Colombia,Colombie,co,es,no data,no data,no data,no data,no data,Barranquilla,Barranquilla,no data,no data,no data,no data,no data,Magdalena River,Río Magdalena,no data,no data,no data,no data,no data,FALSE,adjacent,SA,c17,c16,b01
606,Bogota,"4,6097","-74,0818",Colombia,Colombie,co,es,no data,no data,no data,no data,no data,Bogota,Bogota,no data,no data,no data,no data,no data,Bogotá River,río Bogotá,no data,no data,no data,no data,no data,FALSE,adjacent,SA,c11,c16,b01
612,Cali (Santiago de),"3,4372","-76,5225",Colombia,Colombie,co,es,no data,no data,no data,no data,no data,Cali (Santiago de),Cali (Santiago de),no data,no data,no data,no data,no data,Cauca River,río Cauca,no data,no data,no data,no data,no data,FALSE,adjacent,SA,c13,c17,b01
603,Abidjan,"5,3453","-4,0268",Côte d'Ivoire,Côte d'Ivoire,ci,fr,no data,no data,no data,no data,no data,Abidjan,Abidjan,no data,no data,no data,no data,no data,Komoé river;Comoé river,fleuve Comoé,no data,no data,no data,no data,no data,FALSE,inside/adjacent,AF,c18,c17,b01
831,Zagreb,"45,8144","15,978",Croatia,Croatie,hr,hr,no data,no data,no data,no data,no data,Zagreb,Zagreb,no data,no data,no data,no data,no data,Sava River,rijeka Sava,no data,no data,no data,no data,no data,FALSE,inside,EU,c10,c02,b04
778,Praha,"50,088","14,4208",Czechia,Tchéquie,cz,cs,no data,no data,no data,no data,no data,Prague,Praha,no data,no data,no data,no data,no data,Vltava River,Vltava,no data,no data,no data,no data,no data,FALSE,inside,EU,c08,c16,b04
617,Kisangani,"0,5167","25,2",Democratic Republic of the Congo,République démocratique du Congo,cd,fr,sw,ln,no data,no data,no data,Kisangani,Kisangani,Kisangani,Kisangáni,no data,no data,no data,Congo River;Zaire River,fleuve Congo,Mto wa Kongo,Ebale Kongó,no data,no data,no data,FALSE,inside,AF,c18,c01,b01
632,Bukavu,"-2,5083","28,8608",Democratic Republic of the Congo,République démocratique du Congo,cd,fr,sw,ln,no data,no data,no data,Bukavu,Bukavu,Bukavu,Bukavu,no data,no data,no data,Ruzizi river,Rivière Ruzizi;rivière Ruzisi;rivière Rusizi,Mto Ruzizi;Mto Rusizi,no data,no data,no data,no data,FALSE,adjacent,AF,c18,c01,b01
639,Uvira,"-3,3953","29,1378",Democratic Republic of the Congo,République démocratique du Congo,cd,fr,sw,ln,no data,no data,no data,Uvira,Uvira,no data,no data,no data,no data,no data,Ruzizi river,Rivière Ruzizi;rivière Ruzisi;rivière Rusizi,Mto Ruzizi;Mto Rusizi,no data,no data,no data,no data,FALSE,far,AF,c18,c01,b01
642,Kinshasa,"-4,3276","15,3136",Democratic Republic of the Congo,République démocratique du Congo,cd,fr,sw,ln,no data,no data,no data,Kinshasa,Kinshasa,Kinshasa,Kinsásá,no data,no data,no data,Congo River,Mto wa Kongo,Ebale Kongó;Ebale Kɔ́ngɔ,no data,no data,no data,no data,FALSE,adjacent,AF,c18,c01,b07
620_a,Mbandaka,"0,0487","18,2603",Democratic Republic of the Congo,République démocratique du Congo,cd,fr,sw,ln,no data,no data,no data,Mbandaka,Mbandaka,Mbandaka,Mbándáká,no data,no data,no data,Congo river,fleuve Congo,Mto wa Kongo,Ebale Kongó,no data,no data,no data,TRUE,adjacent,AF,c18,c01,b01
620_b,Mbandaka,"0,0487","18,2603",Democratic Republic of the Congo,République démocratique du Congo,cd,fr,sw,ln,no data,no data,no data,Mbandaka,Mbandaka,Mbandaka,Mbándáká,no data,no data,no data,Ruki river,rivière Ruki,Ruki,Ebale Ruki,no data,no data,no data,TRUE,adjacent,AF,c18,c01,b01
464,Santiago (de los Caballeros),"19,4602","-70,6997",Dominican Republic,Dominique Républicaine,do,es,no data,no data,no data,no data,no data,Santiago (de los Caballeros),Santiago (de los Caballeros),no data,no data,no data,no data,no data,Yaque del Norte River,Río Yaque del Norte,no data,no data,no data,no data,no data,FALSE,adjacent,CA,c18,c16,b01
631,Guayaquil,"-2,1667","-79,9",Ecuador,Équateur,ec,es,qu,no data,no data,no data,no data,Guayaquil,Guayaquil,Wayakil,no data,no data,no data,no data,Guayas River;Rio Guayas,Río Guayas,Wayas mayu,no data,no data,no data,no data,FALSE,inside,SA,c18,c17,b02
634_a,Cuenca (Santa Ana de los Ríos de),"-2,8833","-78,9833",Ecuador,Équateur,ec,es,qu,no data,no data,no data,no data,Cuenca,Cuenca (Santa Ana de los Cuatro Ríos de),Tumipampa,no data,no data,no data,no data,Tomebamba River,río Tomebamba,Tumipampa mayu,no data,no data,no data,no data,TRUE,inside,SA,c13,c01,b01
634_b,Cuenca (Santa Ana de los Ríos de),"-2,8833","-78,9833",Ecuador,Équateur,ec,es,qu,no data,no data,no data,no data,Cuenca,Cuenca (Santa Ana de los Cuatro Ríos de),Tumipampa,no data,no data,no data,no data,Tarqui river,río tarqui,Tarki mayu,no data,no data,no data,no data,TRUE,inside,SA,c13,c01,b01
634_c,Cuenca (Santa Ana de los Ríos de),"-2,8833","-78,9833",Ecuador,Équateur,ec,es,qu,no data,no data,no data,no data,Cuenca,Cuenca (Santa Ana de los Cuatro Ríos de),Tumipampa,no data,no data,no data,no data,Yanuncay river,río Yanuncay,Yanuncay mayu,no data,no data,no data,no data,TRUE,inside,SA,c13,c01,b01
634_d,Cuenca (Santa Ana de los Ríos de),"-2,8833","-78,9833",Ecuador,Équateur,ec,es,qu,no data,no data,no data,no data,Cuenca,Cuenca (Santa Ana de los Cuatro Ríos de),Tumipampa,no data,no data,no data,no data,Machángara river,río Machángara ,Machángara mayu,no data,no data,no data,no data,TRUE,inside,SA,c13,c01,b01
178,Bur Sa'id (Port Said),"31,2565","32,2841",Egypt,Égypte,eg,ar,arz,fr,en,no data,no data,Port Said,بورسعيد;بور سعيد,بور سعيد,Port-Saïd,Port Said,no data,no data,Nile Delta,دلتا النيل;الدلتا,دلتا النيل,Delta du Nil,Nile Delta,no data,no data,FALSE,inside,AF,c15,c19,b13
184,Mansoura,"31,0364","31,3807",Egypt,Égypte,eg,ar,arz,fr,en,no data,no data,Mansoura;Al Mansoura;Mansourah,المنصورة,المنصوره,Mansourah;Al Mansoura,Mansoura;Al Mansoura;Mansourah,no data,no data,Damietta Branch (of the Nile River),فرع دمياط,فرع دمياط,branche de Damiette,Damietta Branch (of the Nile River),no data,no data,FALSE,inside,AF,c14,c16,b09
379,Aswan,"24,0934","32,907",Egypt,Égypte,eg,ar,arz,fr,en,no data,no data,Aswan,أسوان,اسوان,Assouan;Syène,Aswan,no data,no data,Nile River,نهر النيل,النيل,fleuve Nil,Nile river,no data,no data,FALSE,inside,AF,c16,c19,b13
236,Al-Qahirah (Cairo),"30,0392","31,2394",Egypt,Égypte,eg,ar,arz,fr,en,no data,no data,Cairo,القاهرة,القاهره,Le Caire,Cairo,no data,no data,Nile River,نهر النيل,النيل,fleuve Nil,Nile river,no data,no data,FALSE,inside,AF,c15,c19,b13
300,Asyut,"27,181","31,1837",Egypt,Égypte,eg,ar,arz,fr,en,no data,no data,Asyut,أسيوط,اسيوط,Assiout,Asyut,no data,no data,Nile River,نهر النيل,النيل,fleuve Nil,Nile river,no data,no data,FALSE,inside/adjacent,AF,c15,c19,b13
792,Paris,"48,8534","2,3488",France,France,fr,fr,no data,no data,no data,no data,no data,Paris,Paris,no data,no data,no data,no data,no data,Seine river,fleuve Seine,no data,no data,no data,no data,no data,FALSE,inside,EU,c10,c22,b04
843,Grenoble,"45,1667","5,7167",France,France,fr,fr,no data,no data,no data,no data,no data,Grenoble,Grenoble,no data,no data,no data,no data,no data,Isère river,rivière Isère,no data,no data,no data,no data,no data,FALSE,inside,EU,c07,c02,b05
862,Toulouse,"43,6043","1,4437",France,France,fr,fr,no data,no data,no data,no data,no data,Toulouse,Toulouse,no data,no data,no data,no data,no data,Garonne river,fleuve Garonne,no data,no data,no data,no data,no data,FALSE,inside,EU,c11,c16,b04
832_a,Lyon,"45,7485","4,8467",France,France,fr,fr,no data,no data,no data,no data,no data,Lyon,Lyon,no data,no data,no data,no data,no data,Rhône river,fleuve Rhône,no data,no data,no data,no data,no data,TRUE,inside,EU,c10,c16,b04
832_b,Lyon,"45,7485","4,8467",France,France,fr,fr,no data,no data,no data,no data,no data,Lyon,Lyon,no data,no data,no data,no data,no data,Saône river,rivière Saône,no data,no data,no data,no data,no data,TRUE,inside,EU,c10,c16,b04
901,Tbilisi,"41,6941","44,8337",Georgia,Géorgie,ge,ka,no data,no data,no data,no data,no data,Tbilisi,თბილისი,no data,no data,no data,no data,no data,Kura river,მტკვარი,no data,no data,no data,no data,no data,FALSE,inside,AS_W,c07,c16,b04
763,Köln,"50,9333","6,95",Germany,Allemagne,de,de,no data,no data,no data,no data,no data,Köln,Cologne,no data,no data,no data,no data,no data,Rhine river,Fluss Rhein,no data,no data,no data,no data,no data,FALSE,inside,EU,c10,c16,b04
801,München,"48,1371","11,5734",Germany,Allemagne,de,de,no data,no data,no data,no data,no data,München,Munich,no data,no data,no data,no data,no data,Isar river,Fluss Isar,no data,no data,no data,no data,no data,FALSE,inside,EU,c07,c16,b04
732_a,Berlin,"52,5244","13,4105",Germany,Allemagne,de,de,no data,no data,no data,no data,no data,Berlin,Berlin,no data,no data,no data,no data,no data,Havel river,Fluss Havel,no data,no data,no data,no data,no data,TRUE,inside,EU,c08,c16,b04
732_b,Berlin,"52,5244","13,4105",Germany,Allemagne,de,de,no data,no data,no data,no data,no data,Berlin,Berlin,no data,no data,no data,no data,no data,Spree river,Fluss Spree,no data,no data,no data,no data,no data,TRUE,inside,EU,c08,c16,b04
501,San Pedro Sula,"15,5","-88,0333",Honduras,Honduras,hn,es,no data,no data,no data,no data,no data,San Pedro Sula,San Pedro Sula,no data,no data,no data,no data,no data,Chamelecón River,Río Chamelecón,no data,no data,no data,no data,no data,FALSE,adjacent,CA,c18,c01,b01
104,Srinagar,"34,0837","74,7974",India,Inde,in,hi,en,ur,no data,no data,no data,Srinagar,श्रीनगर,Srinagar,سرینگر,no data,no data,no data,Jhelum river,झेलम नदी,Jhelum river,دریائے جہلم,no data,no data,no data,FALSE,inside,AS_IND,c16,c16,b04
257,Meerut,"28,9716","77,7193",India,Inde,in,hi,ur,en,no data,no data,no data,Meerut,मेरठ,میرٹھ,Meerut,no data,no data,no data,Kali river;Kali nadi,काली नदी (उत्तर प्रदेश),no data,Kali river;Kali nadi,no data,no data,no data,FALSE,adjacent,AS_IND,c18,c16,b01
264,Rampur,"28,8062","79,0277",India,Inde,in,hi,ur,en,no data,no data,no data,Rampur,रामपुर,رام پور,Rampur,no data,no data,no data,Kosi river,कोसी नदी,no data,Kosi river,no data,no data,no data,FALSE,adjacent,AS_IND,c18,c16,b01
274,Delhi,"28,6667","77,2167",India,Inde,in,hi,en,ur,pa,no data,no data,Delhi,दिल्ली,Delhi,دہلی,ਦਿੱਲੀ,no data,no data,Yamuna river,यमुना नदी,Yamuna river,دریائے جمنا,ਯਮੁਨਾ ਨਦੀ,no data,no data,FALSE,inside,AS_IND,c16,c16,b13
297,Farrukhabad,"27,3905","79,5801",India,Inde,in,hi,ur,en,no data,no data,no data,Farrukhabad,फ़र्रूख़ाबाद,فرخ آباد,Farrukhabad,no data,no data,no data,Ganges river;Ganga river,गंगा,دریائے گنگا,river Ganges;river Ganga,no data,no data,no data,FALSE,adjacent,AS_IND,c18,c16,b01
304,Agra,"27,1833","78,0167",India,Inde,in,hi,ur,en,no data,no data,no data,Agra,आगरा ;آگرا,آگرہ,Agra,no data,no data,no data,Yamuna river,यमुना नदी,دریائے جمنا,Yamuna river,no data,no data,no data,FALSE,inside,AS_IND,c16,c16,b01
321,Guwahati (Gauhati),"26,1735","91,7503",India,Inde,in,as,hi,en,no data,no data,no data,Guwahati,গুৱাহাটী,गुवाहाटी,Guwahati,no data,no data,no data,Brahmaputra,ব্ৰহ্মপুত্ৰ,ब्रह्मपुत,Brahmaputra,no data,no data,no data,FALSE,inside/adjacent,AS_IND,c13,c16,b01
323,Muzaffarpur,"26,1167","85,4",India,Inde,in,hi,ur,en,no data,no data,no data,Muzaffarpur,मुज़फ्फरपुर,مظفر پور,Muzaffarpur,no data,no data,no data,Burhi Gandak river,बूढ़ी गण्डक नदी,no data,Burhi Gandak river,no data,no data,no data,FALSE,inside,AS_IND,c18,c16,b01
326,Maunath Bhanjan,"25,9475","83,559",India,Inde,in,hi,ur,en,no data,no data,no data,Mau;Maunath Bhanjan,मऊ;मऊनाथ भंजन,مئو;مئو ناتھ بھنجن,Mau;Maunath Bhanjan,no data,no data,no data,Tamsa river;Tons river,तमसा नदी;टोंस नदी,no data,Tamsa river;Tons river,no data,no data,no data,FALSE,inside,AS_IND,c18,c16,b01
337,Patna,"25,6","85,1167",India,Inde,in,hi,ur,en,no data,no data,no data,Patna,पटना,پٹنہ,Patna,no data,no data,no data,Ganges river;Ganga river,गंगा,دریائے گنگا,river Ganges;river Ganga,no data,no data,no data,FALSE,adjacent,AS_IND,c17,c16,b01
340,Begusarai,"25,4167","86,1333",India,Inde,in,hi,ur,en,no data,no data,no data,Begusarai,बेगूसराय,بیگوسرائے,Begusarai,no data,no data,no data,Ganges river;Ganga river,गंगा,دریائے گنگا,river Ganges;river Ganga,no data,no data,no data,FALSE,adjacent,AS_IND,c18,c16,b01
343,Bhilwara,"25,35","74,6333",India,Inde,in,hi,en,no data,no data,no data,no data,Bhilwara,भीलवाड़ा,Bhilwara,no data,no data,no data,no data,Kothari river,कोठारी नदी,Kothari river,no data,no data,no data,no data,FALSE,adjacent,AS_IND,c16,c16,b02
344,Bhagalpur,"25,25",87,India,Inde,in,hi,ur,en,no data,no data,no data,Bhagalpur,भागलपुर,بھاگل پور,Bhagalpur,no data,no data,no data,Ganges river;Ganga river,गंगा नदी,دریائے گنگا,Ganges river;Ganga river,no data,no data,no data,FALSE,adjacent,AS_IND,c18,c16,b01
346,Bihar Sharif,"25,1833","85,5167",India,Inde,in,hi,ur,en,no data,no data,no data,Bihar Sharif,बिहारशरीफ,بہار شریف,Bihar Sharif,no data,no data,no data,Panchane river;Panchanan river,पंचानन नदी,no data,Panchane river;Panchanan river,no data,no data,no data,FALSE,adjacent,AS_IND,c17,c16,b02
348,Kota,"25,1665","75,8561",India,Inde,in,hi,en,no data,no data,no data,no data,Kota,कोटा,Kota,no data,no data,no data,no data,Chambal river,चम्बल नदी,Chambal river,no data,no data,no data,no data,FALSE,inside,AS_IND,c18,c16,b02
352,English Bazar,25,"88,15",India,Inde,in,bn,en,hi,ur,pa,no data,Malda;English Bazar,মালদা,Malda;English Bazar,मालदा,مالدا,ਮਾਲਦਾ,no data,Mahananda river,মহানন্দা নদী,Mahananda river,महानंदा नदी,no data,no data,no data,FALSE,inside,AS_IND,c18,c16,b01
364,Imphal,"24,8167","93,95",India,Inde,in,mni,en,hi,no data,no data,no data,Imphal,ꯏꯝꯐꯥꯜ,Imphal,इम्फाल,no data,no data,no data,Imphal River;Turel Achouba,ꯏꯝꯐꯥꯜ ꯇꯨꯔꯦꯜ,Imphal River;Turel Achouba,इम्फाल नदी,no data,no data,no data,FALSE,inside,AS_IND,c13,c11,b01
367,Satna,"24,5833","80,8333",India,Inde,in,hi,en,no data,no data,no data,no data,Satna,सतना,Satna,no data,no data,no data,no data,Satna river,सतना नदी,Satna river,no data,no data,no data,no data,FALSE,adjacent,AS_IND,c18,c16,b02
383,Agartala,"23,8364","91,275",India,Inde,in,bn,en,hi,no data,no data,no data,Agartala,আগরতলা,Agartala,अगरतला,no data,no data,no data,Haora River,হাওড়া নদ,Haora River,हावड़ा नदी,no data,no data,no data,FALSE,inside,AS_IND,c18,c16,b01
391,Durgapur,"23,5204","87,3119",India,Inde,in,bn,en,hi,ur,pa,no data,Durgapur,দুর্গাপুর,Durgapur,दुर्गापुर,درگاپور,ਦੁਰਗਾਪੁਰ,no data,Damodar river,দামোদর নদ,Damodar river,दामोदर नदी,دریائے دامودر,ਦਮੋਦਰ ਦਰਿਆ,no data,FALSE,adjacent,AS_IND,c17,c16,b02
396,Santipur,"23,2472","88,433",India,Inde,in,bn,en,hi,ur,pa,no data,Santipur;Shantipur,শান্তিপুর,Santipur;Shantipur,शांतिपुर,شانتی پور,ਸ਼ਾਂਤੀਪੁਰ,no data,Hooghly river;Hugli river,হুগলি নদী,हुगली नदी,Hooghly river;Hugli river,دریائے ہوگلی,ਹੁਗਲੀ ਨਦੀ,no data,FALSE,adjacent,AS_IND,c18,c16,b01
403,Ahmedabad,"23,0333","72,6167",India,Inde,in,gu,hi,en,no data,no data,no data,Ahmedabad,અમદાવાદ,अहमदाबाद,Ahmedabad,no data,no data,no data,Sabarmati river,સાબરમતી,साबरमती नदी,Sabarmati river,no data,no data,no data,FALSE,inside,AS_IND,c17,c16,b02
445,Navsari,"20,9485","72,9308",India,Inde,in,gu,hi,en,no data,no data,no data,Navsari,નવસારી,नवसारी,Navsari,no data,no data,no data,Purna river,પુર્ણા નદી,पूर्णा नदी,Purna river,no data,no data,no data,FALSE,adjacent,AS_IND,c18,c16,b01
457,Bhubaneswar,"20,2333","85,8333",India,Inde,in,or,en,hi,no data,no data,no data,Bhubaneswar,ଭୁବନେଶ୍ୱର,Bhubaneswar,भुवनेश्वर,no data,no data,no data,Kuakhai river,କୁଆଖାଇ ନଦୀ,Kuakhai river,कुआखाई नदी,no data,no data,no data,FALSE,adjacent,AS_IND,c17,c16,b01
466,Nanded Waghala,"19,1618","77,3137",India,Inde,in,mr,hi,en,no data,no data,no data,Nanded Waghala,नांदेड-वाघाळा,नांदेड़ -वाघाला,Nanded Waghala,no data,no data,no data,Godavari river,गोदावरी नदी,गोदावरी नदी,Godavari river,no data,no data,no data,FALSE,inside,AS_IND,c17,c16,b02
484,Khammam,"17,25","80,15",India,Inde,in,te,ur,hi,en,no data,no data,Khammam,ఖమ్మం,کھمم,खम्मम,Khammam,no data,no data,Munneru River,మున్నేరు,no data,मुन्नेरु नदी,Munneru River,no data,no data,FALSE,adjacent,AS_IND,c17,c16,b02
485,Rajahmundry,"17,0038","81,7894",India,Inde,in,te,ur,hi,en,no data,no data,Rajahmundry;Rajamahendravaram,రాజమండ్రి,راجامنڈری,राजमहेंद्रवरम,Rajahmundry;Rajamahendravaram,no data,no data,Godavari river,గోదావరి,دریائے گوداوری,गोदावरी नदी,Godavari river,no data,no data,FALSE,adjacent,AS_IND,c17,c02,b01
490,Kolhapur,"16,6956","74,2317",India,Inde,in,mr,hi,en,no data,no data,no data,Kolhapur,कोल्हापूर,कोल्हापुर,Kolhapur,no data,no data,no data,Panchganga river,पंचगंगा नदी,पंचगंगा नदी,Panchganga river,no data,no data,no data,FALSE,adjacent,AS_IND,c18,c16,b13
514,Shimoga,"13,9316","75,5679",India,Inde,in,kn,hi,en,no data,no data,no data,Shimoga;Shivamogga,ಶಿವಮೊಗ್ಗ,शिमोगा,Shimoga;Shivamogga,no data,no data,no data,Tunga river,ತುಂಗಾ,तुंगा नदी,Tunga river,no data,no data,no data,FALSE,inside,AS_IND,c18,c16,b01
523,Ranipet,"12,9315","79,3323",India,Inde,in,ta,en,hi,no data,no data,no data,Ranipet,இராணிப்பேட்டை,Ranipet,रानीपेट,no data,no data,no data,Palar river,பாலாறு,Palar river,पालार नदी,no data,no data,no data,FALSE,inside,AS_IND,c17,c16,b13
543,Erode,"11,3428","77,7274",India,Inde,in,ta,en,hi,no data,no data,no data,Erode,ஈரோடு,Erode,इरोड,no data,no data,no data,Kaveri river,காவிரி ஆறு,Kaveri river,कावेरी नदी,no data,no data,no data,FALSE,inside,AS_IND,c17,c16,b02
547,Karur,"10,9577","78,081",India,Inde,in,ta,en,hi,no data,no data,no data,Karur,கரூர்,Karur,करूर,no data,no data,no data,Amaravathi river,அமராவதி ஆறு,Amaravathi river,अमरावती नदी,no data,no data,no data,FALSE,inside,AS_IND,c17,c16,b02
550,Ottappalam,"10,7667","76,3833",India,Inde,in,ml,en,hi,no data,no data,no data,Ottappalam;Ottapalam,ഒറ്റപ്പാലം,Ottappalam,ओट्टापालम,no data,no data,no data,Bharathapuzha river,മലയാളം,Bharathapuzha river,भारतपुड़ा नदी,no data,no data,no data,FALSE,adjacent,AS_IND,c18,c02,b01
557,Thrissur,"10,5167","76,2167",India,Inde,in,ml,en,hi,no data,no data,no data,Thrissur,തൃശ്ശൂർ,Thrissur,तृश्शूर,no data,no data,no data,Manali river,മണലിപ്പുഴ,Manali river,मनली नदी,no data,no data,no data,FALSE,inside,AS_IND,c18,c16,b01
509,Nellore,"14,4463","79,9842",India,Inde,in,te,ur,hi,en,no data,no data,Nellore,నెల్లూరు,نیلور,नेल्लौर,Nellore,no data,no data,Penna river;Pinakini river;Penneru river;Penner river;Pennar river;Pennai river,"పెన్నా నది",no data,"पेन्ना नदी",Penna river;Pinakini river;Penneru river;Penner river;Pennar river;Pennai river,no data,no data,FALSE,adjacent,AS_IND,c17,c16,b13
331_a,Purnia,"25,7833","87,4667",India,Inde,in,hi,ur,en,no data,no data,no data,Purnia,पूर्णियाँ,پورنیہ,Purnia,no data,no data,no data,Kari kosi,कोसी नदी ,no data,Kari kosi,no data,no data,no data,TRUE,adjacent,AS_IND,c18,c16,b01
331_b,Purnia,"25,7833","87,4667",India,Inde,in,hi,ur,en,no data,no data,no data,Purnia,पूर्णियाँ,پورنیہ,Purnia,no data,no data,no data,Saura river,सौरा नदी,سورا,Saura river,no data,no data,no data,TRUE,adjacent,AS_IND,c18,c16,b01
525_a,Mangalore,"12,9172","74,856",India,Inde,in,kn,hi,en,no data,no data,no data,Mangalore,ಮಂಗಳೂರು,मंगलुरु,Mangalore,no data,no data,no data,Netravati river,ನೇತ್ರಾವತಿ,नेत्रवती नदी,Netravati river,no data,no data,no data,TRUE,inside,AS_IND,c18,c01,b01
525_b,Mangalore,"12,9172","74,856",India,Inde,in,kn,hi,en,no data,no data,no data,Mangalore,ಮಂಗಳೂರು,मंगलुरु,Mangalore,no data,no data,no data,Gurupura river,ಗುರುಪುರ ನದಿ,गुरुपुर नदी,Gurupura river,no data,no data,no data,TRUE,inside,AS_IND,c18,c01,b01
549_a,Tiruchirappalli,"10,805","78,6856",India,Inde,in,ta,en,hi,no data,no data,no data,Tiruchirappalli;Tiruchi;Trichy,தி௫ச்சிராப்பள்ளி,Tiruchirappalli;Tiruchi;Trichy,तिरुचिरापल्ली,no data,no data,no data,Kaveri river;Cauvery river,காவிரி ஆறு,Kaveri river;Cauvery river,कावेरी नदी,no data,no data,no data,TRUE,adjacent,AS_IND,c17,c16,b02
549_b,Tiruchirappalli,"10,805","78,6856",India,Inde,in,ta,en,hi,no data,no data,no data,Tiruchirappalli;Tiruchi;Trichy,தி௫ச்சிராப்பள்ளி,Tiruchirappalli;Tiruchi;Trichy,तिरुचिरापल्ली,no data,no data,no data,Kollidam river,கொள்ளிடம் ஆறு,Kollidam river,कोल्लीडम नदी,no data,no data,no data,TRUE,adjacent,AS_IND,c17,c16,b02
363,Palembang,"-2,9167","104,7458",Indonesia,Indonésie,id,id,jv,no data,no data,no data,no data,Palembang,Kota Palembang,Kutha Palémbang,no data,no data,no data,no data,Musi River,Sungai Musi,Kali Musi,no data,no data,no data,no data,FALSE,inside,AS_SE,c18,c17,b01
655,Samarinda,"-0,4948","117,1436",Indonesia,Indonésie,id,id,jv,no data,no data,no data,no data,Samarinda,Kota Samarinda,Kutha Samarinda,no data,no data,no data,no data,Mahakam river,Sungai Mahakam,Kali Mahakam,no data,no data,no data,no data,FALSE,inside,AS_SE,c18,c11,b01
67,Sanandaj,"35,3144","46,9923",Iran,Iran,ir,fa,no data,no data,no data,no data,no data,Sanandaj,سنندج,no data,no data,no data,no data,no data,Gheshlagh river;Gheshlaq river;Qishlaq river;Qeshlaq river,رودخانه قشلاق,no data,no data,no data,no data,no data,FALSE,adjacent,AS_W,c09,c14,b04
137,Esfahan,"32,6572","51,6776",Iran,Iran,ir,fa,no data,no data,no data,no data,no data,Isfahan;Ispahan;Esfahan,أصفهان,no data,no data,no data,no data,no data,Zayanderud;Zayandehrud;Zayanderood;Zayandeh rud;Zayandeh rood,نهر زاينده;زاينده,no data,no data,no data,no data,no data,FALSE,inside,AS_W,c12,c19,b04
239,Shiraz,"29,6036","52,5388",Iran,Iran,ir,fa,no data,no data,no data,no data,no data,Shiraz,شيراز,no data,no data,no data,no data,no data,Khoshk River,رودخانه خشک شیراز,no data,no data,no data,no data,no data,FALSE,inside,AS_W,c12,c19,b04
37,Al-Mawsil (Mosul),"36,335","43,1189",Iraq,Iraq,iq,ar,ckb,no data,no data,no data,no data,Mosul;Al-Mawsil,الموصل,مووسڵ,no data,no data,no data,no data,Tigris River,نهر دجلة,دیجلە,no data,no data,no data,no data,FALSE,inside,AS_W,c14,c14,b08
139,Kut,"32,5","45,8333",Iraq,Iraq,iq,ar,ckb,no data,no data,no data,no data,Kut,الكوت,کووت,no data,no data,no data,no data,Tigris river,نهر دجلة,دیجلە,no data,no data,no data,no data,FALSE,inside,AS_W,c15,c18,b13
164,Amara,"31,8344","47,1524",Iraq,Iraq,iq,ar,ckb,no data,no data,no data,no data,Amarah;Amara;Al-Amarah,العمارة,عەمارە,no data,no data,no data,no data,Tigris River,نهر دجلة,دیجلە,no data,no data,no data,no data,FALSE,inside,AS_W,c15,c19,b09
185,Nasiriyah,"31,0333","46,2667",Iraq,Iraq,iq,ar,ckb,no data,no data,no data,no data,Nasiriyah;Nassiriya ;Narisiya,الناصرية,ناسریە,no data,no data,no data,no data,Euphrates river,الفرات,عەمارە,no data,no data,no data,no data,FALSE,inside,AS_W,c16,c14,b13
837,Verona,"45,4342","10,9978",Italy,Italie,it,it,no data,no data,no data,no data,no data,Verona,Verona,no data,no data,no data,no data,no data,Adige River,fiume Adige,no data,no data,no data,no data,no data,FALSE,inside,EU,c07,c04,b05
845,Torino,"45,0687","7,6772",Italy,Italie,it,it,no data,no data,no data,no data,no data,Turin,Torino,no data,no data,no data,no data,no data,Po River,fiume Po,no data,no data,no data,no data,no data,FALSE,adjacent,EU,c11,c16,b05
896,Roma,"41,8947","12,4811",Italy,Italie,it,it,no data,no data,no data,no data,no data,Rome,Roma,no data,no data,no data,no data,no data,Tiber river,fiume Tevere,no data,no data,no data,no data,no data,FALSE,inside,EU,c11,c16,b12
570,Asahikawa,"43,7678","142,3703",Japan,Japon,jp,ja,no data,no data,no data,no data,no data,Asahikawa,旭川市,no data,no data,no data,no data,no data,Ishikari river,石狩川,no data,no data,no data,no data,no data,FALSE,inside,AS_SE,c07,c02,b05
586,Sapporo,"43,0642","141,3469",Japan,Japon,jp,ja,no data,no data,no data,no data,no data,Sapporo,札幌市,no data,no data,no data,no data,no data,Toyohira river,豊平川,no data,no data,no data,no data,no data,FALSE,inside,AS_SE,c07,c02,b05
599,Kumamoto,"32,7897","130,7417",Japan,Japon,jp,ja,no data,no data,no data,no data,no data,Kumamoto,熊本市,no data,no data,no data,no data,no data,Shira river,白川,no data,no data,no data,no data,no data,FALSE,inside,AS_SE,c11,c04,b04
602_a,Nagano,"36,6514","138,1811",Japan,Japon,jp,ja,no data,no data,no data,no data,no data,Nagano,長野市,no data,no data,no data,no data,no data,Sai river,犀川,no data,no data,no data,no data,no data,TRUE,inside,AS_SE,c10,c04,b04
602_b,Nagano,"36,6514","138,1811",Japan,Japon,jp,ja,no data,no data,no data,no data,no data,Nagano,長野市,no data,no data,no data,no data,no data,Chikuma river,千曲川,no data,no data,no data,no data,no data,TRUE,inside,AS_SE,c10,c04,b04
488,Vientiane,"17,9667","102,6",Laos,Laos,la,lo,no data,no data,no data,no data,no data,Vientiane,ວຽງຈັນ,no data,no data,no data,no data,no data,Mekong river,ແມ່ນ້ຳຂອງ,no data,no data,no data,no data,no data,FALSE,adjacent,AS_SE,c18,c16,b01
555_a,Vilnius,"54,6892","25,2798",Lithuania,Lithuanie,lt,lt,ru,po,no data,no data,no data,Vilnius,Vilnius,Вильнюс,Wilno,no data,no data,no data,Neris river;Vilija river,upė Neris;upė Vilija,река Нярис;река Ви́лия,rzeka Wilia,no data,no data,no data,TRUE,inside,EU,c07,c16,b04
555_b,Vilnius,"54,6892","25,2798",Lithuania,Lithuanie,lt,lt,ru,po,no data,no data,no data,Vilnius,Vilnius,Вильнюс,Wilno,no data,no data,no data,Vilnia river,upė Vìlnia;Vilnelė upė,река Ви́льня,rzeka Wilejka;rzeka Wilenka,no data,no data,no data,TRUE,inside,EU,c07,c16,b04
682,Antananarivo,"-18,9137","47,5361",Madagascar,Madagascar,mg,mg,fr,no data,no data,no data,no data,Antananarivo,Antananarivo,Antananarivo;Tananarive,no data,no data,no data,no data,Ikopa River,Reniranon'Ikopa,Rivière Ikopa,no data,no data,no data,no data,FALSE,inside,AF,c14,c13,b01
672,Lilongwe,"-13,9669","33,7873",Malawi,Malawi,mw,en,ny,no data,no data,no data,no data,Lilongwe,Lilongwe,Lilongwe,no data,no data,no data,no data,Lilongwe River,Lilongwe River,Mstinje wa Lilongwe,no data,no data,no data,no data,FALSE,inside,AF,c14,c16,b07
359,Kuala Terengganu,"5,3302","103,1408",Malaysia,Malaisie,my,ms,no data,no data,no data,no data,no data,Kuala Terengganu,Kuala Terengganu,no data,no data,no data,no data,no data,Terengganu River,Sungai Terengganu,no data,no data,no data,no data,no data,FALSE,inside,AS_SE,c18,c01,b01
427,Alor Star,"6,1167","100,3667",Malaysia,Malaisie,my,ms,no data,no data,no data,no data,no data,Alor Setar,Alor Setar,no data,no data,no data,no data,no data,Kedah river,Sungai Kedah,no data,no data,no data,no data,no data,FALSE,inside,AS_SE,c18,c16,b01
635,Kuching,"1,55","110,3333",Malaysia,Malaisie,my,ms,no data,no data,no data,no data,no data,Kuching,Kuching,no data,no data,no data,no data,no data,Sarawak river,Sungai Sarawak,no data,no data,no data,no data,no data,FALSE,inside,AS_SE,c18,c17,b01
529,Bamako,"12,65",-8,Mali,Mali,ml,bm,fr,no data,no data,no data,no data,Bamako,Bamakɔ,Bamako,no data,no data,no data,no data,Niger River,Jeliba (baji),Niger (fleuve);Djoliba,no data,no data,no data,no data,FALSE,inside,AF,c17,c18,b07
452,Querétaro,"20,6","-100,3833",Mexico,Mexique,mx,es,no data,no data,no data,no data,no data,Querétaro,Querétaro,no data,no data,no data,no data,no data,Querétaro river,Río Querétaro,no data,no data,no data,no data,no data,FALSE,inside,CA,c14,c13,b13
463,Morelia,"19,7008","-101,1844",Mexico,Mexique,mx,es,no data,no data,no data,no data,no data,Morelia,Morelia,no data,no data,no data,no data,no data,Rio Grande;Río Bravo,Río Bravo;Río Bravo del Norte,no data,no data,no data,no data,no data,FALSE,inside,CA,c11,c04,b03
467,Puebla,"19,0415","-98,205",Mexico,Mexique,mx,es,no data,no data,no data,no data,no data,Puebla,Puebla,no data,no data,no data,no data,no data,Atoyac River,Río Atoyac;Río Balsas;Río Mezcala,no data,no data,no data,no data,no data,FALSE,inside,CA,c11,c04,b03
478,Minatitlán,"18,0013","-94,5581",Mexico,Mexique,mx,es,no data,no data,no data,no data,no data,Minatitlán,Minatitlán,no data,no data,no data,no data,no data,Coatzacoalcos River,Río Coatzacoalcos,no data,no data,no data,no data,no data,FALSE,adjacent,CA,c18,c16,b01
486,Oaxaca de Juárez,"17,05","-96,7167",Mexico,Mexique,mx,es,no data,no data,no data,no data,no data,Oaxaca de Juárez,Oaxaca de Juárez,no data,no data,no data,no data,no data,Atoyac River,Río Atoyac,no data,no data,no data,no data,no data,FALSE,inside,CA,c14,c04,b03
357_a,Culiacán,"24,7994","-107,3897",Mexico,Mexique,mx,es,no data,no data,no data,no data,no data,Culiacán,Culiacán,no data,no data,no data,no data,no data,Culiacán River,río Culiacán,no data,no data,no data,no data,no data,TRUE,adjacent,CA,c11,c04,b03
357_b,Culiacán,"24,7994","-107,3897",Mexico,Mexique,mx,es,no data,no data,no data,no data,no data,Culiacán,Culiacán,no data,no data,no data,no data,no data,Tamazula river,Río Tamazula,no data,no data,no data,no data,no data,TRUE,adjacent,CA,c11,c04,b03
357_c,Culiacán,"24,7994","-107,3897",Mexico,Mexique,mx,es,no data,no data,no data,no data,no data,Culiacán,Culiacán,no data,no data,no data,no data,no data,Humaya river,Río Humaya,no data,no data,no data,no data,no data,TRUE,adjacent,CA,c11,c04,b03
817,Chișinău,"47,0056","28,8575",Moldova,Moldavie,md,ro,no data,no data,no data,no data,no data,Chișinău;Chisinau,Chișinău,no data,no data,no data,no data,no data,Bîc river;Bâc river,Râul Bâc;Bâcul ;Bîc,no data,no data,no data,no data,no data,FALSE,inside,EU,c09,c16,b08
461,Ulaanbaatar,"47,9077","106,8832",Mongolia,Mongolie,mn,mn,no data,no data,no data,no data,no data,Ulaanbaatar,Улаанбаатар;ᠤᠯᠠᠭᠠᠨᠪᠠᠭᠠᠲᠤᠷ;улаганбагатур;улаан-баа-тар,no data,no data,no data,no data,no data,Tuul river;Tula river;Hatan Tuul,Туул гол;Хатан Туул,no data,no data,no data,no data,no data,FALSE,inside/adjacent,AS_SE,c07,c05,b08
85,Oujda,"34,6805","-1,9076",Morocco,Maroc,ma,ar,fr,no data,no data,no data,no data,Oujda,وجدة,Oujda,no data,no data,no data,no data,Oued Isly;Isly river,وادي إسلي,Oued Isly;rivière isly,no data,no data,no data,no data,FALSE,inside,AF,c12,c12,b12
101,Kénitra,"34,261","-6,5802",Morocco,Maroc,ma,ar,fr,no data,no data,no data,no data,Kenitra,القنيطرة,Kénitra,no data,no data,no data,no data,Sebou River,واد سبو,fleuve Sebou,no data,no data,no data,no data,FALSE,adjacent,AF,c14,c02,b12
106,Fès,"34,0372","-4,9998",Morocco,Maroc,ma,ar,fr,no data,no data,no data,no data,Fez,فاس,Fès;Fez,no data,no data,no data,no data,Oued Fes;Fez River,واد فاس;نهر فاس,Oued Fès;rivière Fès,no data,no data,no data,no data,FALSE,inside/adjacent,AF,c09,c12,b12
110,Rabat,"34,0133","-6,8326",Morocco,Maroc,ma,ar,fr,no data,no data,no data,no data,Rabat,الرباط,Rabat,no data,no data,no data,no data,Bou Regreg River,أبو رقراق,fleuve Bouregreg,no data,no data,no data,no data,FALSE,inside,AF,c12,c16,b12
674,Tete,"-16,1564","33,5867",Mozambique,Mozambique,mz,pt,no data,no data,no data,no data,no data,Tete,Tete,no data,no data,no data,no data,no data,Zambeze River,Rio Zambeze,no data,no data,no data,no data,no data,FALSE,inside,AF,c18,c12,b07
701,Matola,"-25,9622","32,4589",Mozambique,Mozambique,mz,pt,no data,no data,no data,no data,no data,Matola,Matola,no data,no data,no data,no data,no data,Matola river,Rio Matola,no data,no data,no data,no data,no data,FALSE,adjacent,AF,c13,c03,b01
859,Mandalay,"21,9747","96,0836",Myanmar,Birmanie,mm,my,en,no data,no data,no data,no data,Mandalay,မန္တလေး,Mandalay,no data,no data,no data,no data,Irrawaddy river;Ayeyarwady river,ဧ​ရာဝတီမြစ်,Irrawaddy river;Ayeyarwady river,no data,no data,no data,no data,FALSE,adjacent,AS_SE,c18,c02,b01
742,Utrecht,"52,0908","5,1222",Netherlands,Pays-Bas,nl,nl,no data,no data,no data,no data,no data,Utrecht,Utrecht,no data,no data,no data,no data,no data,Lek river,Lek (rivier),no data,no data,no data,no data,no data,FALSE,adjacent,EU,c10,c16,b04
537,Managua,"12,1328","-86,2504",Nicaragua,Nicaragua,ni,es,no data,no data,no data,no data,no data,Managua,Managua,no data,no data,no data,no data,no data,Tipitapa river,Río Tipitapa,no data,no data,no data,no data,no data,FALSE,adjacent,CA,c17,c16,b02
520,Niamey,"13,5137","2,1098",Niger,Niger,ne,fr,ha,no data,no data,no data,no data,Niamey,Niamey,Niamey,no data,no data,no data,no data,Niger River,fleuve Niger,Kogin Neja,no data,no data,no data,no data,FALSE,inside,AF,c17,c13,b07
583,Oshogbo,"7,7667","4,5667",Nigeria,Nigeria,ng,en,ha,yo,ig,no data,no data,Oshogbo,Oshogbo,Osogbo,Òṣogbo,Osogbo,no data,no data,Osun river,Osun river,Kogin Osun,Odo Osun,Osimiri Osun,no data,no data,FALSE,inside,AF,c18,c17,b01
596,Abakaliki,"6,3163","8,1169",Nigeria,Nigeria,dz,en,ha,yo,ig,no data,no data,Abakaliki,Abakaliki,Abakaliki,Abakaliki,Abakaléké,no data,no data,Ebonyi river,Ebonyi river,Kogin Ebonyi,no data,no data,no data,no data,FALSE,adjacent,AF,c18,c17,b01
600,Onitsha,"6,1454","6,7885",Nigeria,Nigeria,ng,en,ha,yo,ig,no data,no data,Onitsha,Onitsha,no data,no data,no data,no data,no data,Niger River;Niger delta,Niger River,Kogin Neja,Odò Ọya,Oshimiri Orimiri,no data,no data,FALSE,adjacent,AF,c18,c17,b01
601,Warri,"5,5167","5,75",Nigeria,Nigeria,ng,en,ha,yo,ig,no data,no data,Warri,Warri,Warri,Warri,Warri,no data,no data,Warri River,Warri River,Kogin Warri,no data,no data,no data,no data,FALSE,adjacent,AF,c18,c01,b01
582_a,Lokoja,"7,8024","6,743",Nigeria,Nigeria,ng,en,ha,yo,ig,no data,no data,Lokoja,Lokoja,no data,no data,no data,no data,no data,Niger river,Niger river,Kogin Neja;Kogin Nijar,Odò Ọya;Odò Niger,Oshimiri Orimiri,no data,no data,TRUE,adjacent,AF,c18,c03,b07
582_b,Lokoja,"7,8024","6,743",Nigeria,Nigeria,ng,en,ha,yo,ig,no data,no data,Lokoja,Lokoja,no data,no data,no data,no data,no data,Benue river,Benue river;,Kogin Benue,Odò Bẹ́núé,Osimiri Benue,no data,no data,TRUE,adjacent,AF,c18,c03,b07
604_a,Calabar,"4,9517","8,322",Nigeria,Nigeria,ng,en,ha,yo,ig,no data,no data,Calabar,Calabar,no data,no data,no data,no data,no data,Calabar river,Calabar river,Kogin Calabar,no data,no data,no data,no data,TRUE,adjacent,AF,c18,c01,b01
604_b,Calabar,"4,9517","8,322",Nigeria,Nigeria,ng,en,ha,yo,ig,no data,no data,Calabar,Calabar,no data,no data,no data,no data,no data,Great Kwa river;Kwa river,Great Kwa river;Kwa river,Babban Kogin Kwa,no data,no data,no data,no data,TRUE,adjacent,AF,c18,c01,b01
480,Chongjin,"41,7956","129,7758",North Korea,Corée du Nord,kp,ko,no data,no data,no data,no data,no data,Chongjin,청진시,no data,no data,no data,no data,no data,Susong river,수성천,no data,no data,no data,no data,no data,FALSE,inside,AS_SE,c08,c02,b04
560,Wonsan,"39,1528","127,4436",North Korea,Corée du Nord,kp,ko,no data,no data,no data,no data,no data,Wonsan,원산시,no data,no data,no data,no data,no data,Namdaecheon,남대천,no data,no data,no data,no data,no data,FALSE,far,AS_SE,c10,c02,b04
561,P'yongyang,"39,0339","125,7543",North Korea,Corée du Nord,kp,ko,no data,no data,no data,no data,no data,Pyongyang,평양시,no data,no data,no data,no data,no data,Taedong river,대동강,no data,no data,no data,no data,no data,FALSE,inside,AS_SE,c10,c02,b04
611,Hamhung,"39,9183","127,5364",North Korea,Corée du Nord,kp,ko,no data,no data,no data,no data,no data,Hamhung,함흥시,no data,no data,no data,no data,no data,Sŏngch'ŏn River,성천강,no data,no data,no data,no data,no data,FALSE,inside/adjacent,AS_SE,c10,c02,b04
893,Skopje,42,"21,4333",North Macedonia,Macédoine du Nord,mk,mk,sq,no data,no data,no data,no data,Skopje,Скопје,Shkup,no data,no data,no data,no data,Vardar River,река Вардар,Lumi i Vardarit;Lumi Vardar;Vardari,no data,no data,no data,no data,FALSE,inside,EU,c09,c16,b04
147,Sialkot,"32,5","74,5167",Pakistan,Pakistan,pk,ur,en,pa,no data,no data,no data,Sialkot,سيالكوٹ,Sialkot,ਸਿਆਲਕੋਟ ਜ਼ਿਲ੍ਹਾ,no data,no data,no data,Aik Nāla,no data,Aik Nāla,no data,no data,no data,no data,FALSE,inside,AS_W,c16,c16,b13
356_a,Karachi,"24,9056","67,0822",Pakistan,Pakistan,pk,ur,en,pa,no data,no data,no data,Karachi,کراچی,Karachi,ਕਰਾਚੀ,no data,no data,no data,Lyari river,دریائے لیاری,Lyari river,no data,no data,no data,no data,TRUE,inside,AS_W,c16,c12,b13
356_b,Karachi,"24,9056","67,0822",Pakistan,Pakistan,pk,ur,en,pa,no data,no data,no data,Karachi,کراچی,Karachi,ਕਰਾਚੀ,no data,no data,no data,Malir river,دریائے ملیر,Malir river,no data,no data,no data,no data,TRUE,inside,AS_W,c16,c12,b13
698,Asuncion,"-25,3007","-57,6359",Paraguay,Paraguay,py,es,gn,no data,no data,no data,no data,Asunción,Asunción,Paraguay;Asunción,no data,no data,no data,no data,Paraguay River,Rio Paraguay,Ysyry Paraguái,no data,no data,no data,no data,FALSE,adjacent,SA,c13,c15,b07
699,Ciudad del Este,"-25,5167","-54,6167",Paraguay,Paraguay,py,es,gn,no data,no data,no data,no data,Ciudad del Este,Ciudad del Este,Táva Kuarahyresẽme,no data,no data,no data,no data,Paraná River,Rio Paraná,Ysyry Parana,no data,no data,no data,no data,FALSE,inside,SA,c13,c17,b01
647,Piura,"-5,2","-80,6333",Peru,Pérou,pe,es,qu,ay,no data,no data,no data,Piura,Piura,Piwra,Piwra,no data,no data,no data,Piura River,Río Piura,Piwra mayu,no data,no data,no data,no data,FALSE,inside,SA,c18,c13,b02
669,Huancayo,"-12,0667","-75,2333",Peru,Pérou,pe,es,qu,ay,no data,no data,no data,Huancayo,Huancayo,Wankayu,Wankayu,no data,no data,no data,Mantaro River,Río Mantaro,Mantaru mayu,no data,no data,no data,no data,FALSE,adjacent,SA,c07,c13,b01
355,Cagayan de Oro City,"8,4822","124,6472",Philippines,Philippines,ph,tl,en,no data,no data,no data,no data,Cagayan de Oro City,Lungsod ng Cagayan de Oro,Cagayan de Oro City,no data,no data,no data,no data,Cagayan River;Cagayan de Oro River,Ilog Cagayan,Cagayan River;Cagayan de Oro River,Cagayan River,Ilog Cagayan,no data,no data,FALSE,inside,AS_SE,c13,c17,b01
656,Butuan,"8,9492","125,5436",Philippines,Philippines,ph,tl,en,no data,no data,no data,no data,Butuan,Lungsod ng Butuan,Butuan,no data,no data,no data,no data,Agusan river,Ilog Agusan,Agusan river,Agusan river,Ilog Agusan,no data,no data,FALSE,adjacent,AS_SE,c18,c17,b01
897,Angeles City,"15,15","120,5833",Philippines,Philippines,ph,tl,en,no data,no data,no data,no data,Angeles;City of Angeles;Angeles City,Angeles,Angeles,no data,no data,no data,no data,Abatan River,Ilog Abacan,Abatan River,Abatan River,no data,no data,no data,FALSE,inside,AS_SE,c18,c16,b01
542_a,Iligan,"8,2274","124,2426",Philippines,Philippines,ph,tl,en,no data,no data,no data,no data,Iligan,Lungsod ng Iligan,Iligan,no data,no data,no data,no data,Mandulog river,Ilog Mandulog,Mandulog river,Mandulog river (suba),no data,no data,no data,TRUE,adjacent,AS_SE,c13,c17,b01
542_b,Iligan,"8,2274","124,2426",Philippines,Philippines,ph,tl,en,no data,no data,no data,no data,Iligan,Lungsod ng Iligan,Iligan,no data,no data,no data,no data,Iligan river,Ilog Iligan,Iligan river,Iligan river (suba),no data,no data,no data,TRUE,adjacent,AS_SE,c13,c17,b01
542_c,Iligan,"8,2274","124,2426",Philippines,Philippines,ph,tl,en,no data,no data,no data,no data,Iligan,Lungsod ng Iligan,Iligan,no data,no data,no data,no data,Agus river,Ilog Agus,Agus river,Agus river (suba),no data,no data,no data,TRUE,adjacent,AS_SE,c13,c17,b01
670,Szczecin,"53,4289","14,553",Poland,Pologne,pl,pl,no data,no data,no data,no data,no data,Szczecin,Szczecin,no data,no data,no data,no data,no data,Oder river,Odra rzeka;Odra Zachodnia;Regalica;Odra Wschodnia,no data,no data,no data,no data,no data,FALSE,adjacent,EU,c08,c16,b04
738,Warsaw,"52,2298","21,0118",Poland,Pologne,pl,pl,no data,no data,no data,no data,no data,Warsaw,Warszawa,no data,no data,no data,no data,no data,Vistula river,Wisła rzeka,no data,no data,no data,no data,no data,FALSE,inside,EU,c08,c16,b04
641,Brazzaville,"-4,2658","15,2832",Republic of the Congo,République du Congo,cg,fr,ln,no data,no data,no data,no data,Brazzaville,Brazzaville,Brazzaville,no data,no data,no data,no data,Congo River,fleuve Congo,Ebale Kongó;Ebale Kɔ́ngɔ,no data,no data,no data,no data,FALSE,adjacent,AF,c18,c01,b07
851,Bucharest,"44,4328","26,1043",Romania,Roumanie,ro,ro,no data,no data,no data,no data,no data,Bucharest,București,no data,no data,no data,no data,no data,Dâmbovița (river,Râul Dâmbovița,no data,no data,no data,no data,no data,FALSE,inside,EU,c09,c16,b04
332,Yaroslavl,"57,6299","39,8737",Russia,Russie,ru,ru,no data,no data,no data,no data,no data,Yaroslavl,Ярослáвль,no data,no data,no data,no data,no data,Volga (river),река Волга,no data,no data,no data,no data,no data,FALSE,inside,AS_W,c07,c02,b06
414,Tomsk,"56,4942","84,9742",Russia,Russie,ru,ru,no data,no data,no data,no data,no data,Tomsk,Томск,no data,no data,no data,no data,no data,Tom river,Томь,no data,no data,no data,no data,no data,FALSE,adjacent,AS_W,c07,c06,b05
569,Kaluga,"54,5293","36,2754",Russia,Russie,ru,ru,no data,no data,no data,no data,no data,Kaluga,Калуга,no data,no data,no data,no data,no data,Oka river,река Ока,no data,no data,no data,no data,no data,FALSE,adjacent,AS_W,c07,c02,b04
607,Tula,"54,2021","37,6443",Russia,Russie,ru,ru,no data,no data,no data,no data,no data,Tula,Тула,no data,no data,no data,no data,no data,Upa river,река Упа,no data,no data,no data,no data,no data,FALSE,inside,AS_W,c07,c16,b04
644,Novokuznetsk,"53,7557","87,1099",Russia,Russie,ru,ru,no data,no data,no data,no data,no data,Novokuznetsk,Новокузнецк,no data,no data,no data,no data,no data,Tom river,Томь,no data,no data,no data,no data,no data,FALSE,adjacent/inside,AS_W,c07,c06,b05
868,Vladikavkaz,"43,0367","44,6678",Russia,Russie,ru,ru,no data,no data,no data,no data,no data,Vladikavkaz,Владикавказ,no data,no data,no data,no data,no data,Terek river,река Tерек,no data,no data,no data,no data,no data,FALSE,inside,AS_W,c08,c13,b04
554_a,Ufa,"54,7852","56,0456",Russia,Russie,ru,ru,no data,no data,no data,no data,no data,Ufa,Уфа,no data,no data,no data,no data,no data,Belaya river,река Белая,no data,no data,no data,no data,no data,TRUE,adjacent,AS_W,c08,c02,b04
554_b,Ufa,"54,7852","56,0456",Russia,Russie,ru,ru,no data,no data,no data,no data,no data,Ufa,Уфа,no data,no data,no data,no data,no data,Ufa river,река Уфа́,no data,no data,no data,no data,no data,TRUE,adjacent,AS_W,c08,c02,b04
744_a,Ulan-Ude,"51,8261","107,6098",Russia,Russie,ru,ru,no data,no data,no data,no data,no data,Ulan-Ude,Улан-Удэ,no data,no data,no data,no data,no data,Selenge river;Selenga river,река Селенга́;река Селенга,no data,no data,no data,no data,no data,TRUE,inside,AS_W,c07,c05,b06
744_b,Ulan-Ude,"51,8261","107,6098",Russia,Russie,ru,ru,no data,no data,no data,no data,no data,Ulan-Ude,Улан-Удэ,no data,no data,no data,no data,no data,Uda river,река Уда,no data,no data,no data,no data,no data,TRUE,inside,AS_W,c07,c05,b06
797_a,Khabarovsk,"48,4827","135,0838",Russia,Russie,ru,ru,no data,no data,no data,no data,no data,Khabarovsk,Хабаровск,no data,no data,no data,no data,no data,Amur river,река Амур,no data,no data,no data,no data,no data,TRUE,adjacent,AS_W,c08,c13,b09
797_b,Khabarovsk,"48,4827","135,0838",Russia,Russie,ru,ru,no data,no data,no data,no data,no data,Khabarovsk,Хабаровск,no data,no data,no data,no data,no data,Ussuri river,река Уссури,no data,no data,no data,no data,no data,TRUE,adjacent,AS_W,c08,c13,b09
630,Kigali,"-1,9474","30,0579",Rwanda,Rwanda,rw,rw,en,fr,sw,no data,no data,Kigali,Kigali,Kigali,Kigali,Kigali,no data,no data,Nyabarongo River;Nyawarungu river,Umugezi wa Nyabarongo,rivière Nyabarongo,Nyabarongo River;Nyawarungu river,Mto Nyawarongo,no data,no data,FALSE,adjacent,AF,c14,c16,b01
848,Belgrade,"44,8176","20,4633",Serbia,Serbie,rs,sr,no data,no data,no data,no data,no data,Belgrade,Београд,no data,no data,no data,no data,no data,Danube river,река Дунав,no data,no data,no data,no data,no data,FALSE,inside?,EU,c09,c16,b04
798,Bratislava,"48,1482","17,1067",Slovakia,Slovaquie,sk,sk,hu,no data,no data,no data,no data,Bratislava,Bratislava,Pozsony,no data,no data,no data,no data,Danube river,rieka Dunaj,Duna,no data,no data,no data,no data,FALSE,inside,EU,c10,c16,b04
719_a,East London (Buffalo City),"-33,0153","27,9116",South Africa,Afrique du Sud,za,zu,xh,af,en,ts,st,East London,East London,eMonti,Oos-Londen,East London,no data,no data,Buffalo river,uMzinyathi,Umlambo i-Qonce,Buffelsrivier,Buffalo river,no data,no data,TRUE,adjacent,AF,c14,c03,b12
719_b,East London (Buffalo City),"-33,0153","27,9116",South Africa,Afrique du Sud,za,zu,xh,af,en,ts,st,East London,East London,eMonti,Oos-Londen,East London,no data,no data,Nahoon river,no data,no data,Nahoonrivier,Nahoon river,no data,no data,TRUE,adjacent,AF,c14,c03,b12
53,Pohang,"36,0172","129,3602",South Korea,Corée du Sud,kr,ko,no data,no data,no data,no data,no data,Pohang,포항시,no data,no data,no data,no data,no data,Hyeongsan river;Hyeongsan-gang (river),형산강,no data,no data,no data,no data,no data,FALSE,inside,AS_SE,c10,c02,b04
802,Busan,"35,1028","129,0403",South Korea,Corée du Sud,kr,ko,no data,no data,no data,no data,no data,Busan,부산광역시,no data,no data,no data,no data,no data,Nakdong river,낙동강,no data,no data,no data,no data,no data,FALSE,inside,AS_SE,c10,c02,b04
597_a,Daejon,"36,3214","127,4197",South Korea,Corée du Sud,kr,ko,no data,no data,no data,no data,no data,Daejeon,대전광역시,no data,no data,no data,no data,no data,Gapcheon,갑천,no data,no data,no data,no data,no data,TRUE,inside,AS_SE,c11,c04,b04
597_b,Daejon,"36,3214","127,4197",South Korea,Corée du Sud,kr,ko,no data,no data,no data,no data,no data,Daejeon,대전광역시,no data,no data,no data,no data,no data,Yudeungcheon,유등천,no data,no data,no data,no data,no data,TRUE,inside,AS_SE,c11,c04,b04
597_c,Daejon,"36,3214","127,4197",South Korea,Corée du Sud,kr,ko,no data,no data,no data,no data,no data,Daejeon,대전광역시,no data,no data,no data,no data,no data,Daejeoncheon,대전천,no data,no data,no data,no data,no data,TRUE,inside,AS_SE,c11,c04,b04
10,Sevilla,"37,3824","-5,9761",Spain,Espagne,es,es,no data,no data,no data,no data,no data,Seville,Sevilla,no data,no data,no data,no data,no data,Guadalquivir river,río Guadalquivir,no data,no data,no data,no data,no data,FALSE,inside,EU,c12,c16,b12
903,Zaragoza,"41,6561","-0,8773",Spain,Espagne,es,es,no data,no data,no data,no data,no data,Zaragoza,Zaragoza,no data,no data,no data,no data,no data,Ebro river,Río Ebro,no data,no data,no data,no data,no data,FALSE,inside,EU,c11,c16,b12
405,Colombo,"6,9319","79,8478",Sri Lanka,Sri Lanka,lk,si,ta,en,no data,no data,no data,Colombo,කොළඹ,கொழும்பு,Colombo,no data,no data,no data,Kelani river,කැළණි ගඟ,களனி கங்கை,Kelani river,no data,no data,no data,FALSE,inside,AS_SE,c18,c16,b02
538,Nyala,"12,05","24,8833",Sudan,Soudan,sd,ar,en,no data,no data,no data,no data,Nyala,نيالا,Nyala,no data,no data,no data,no data,Wadi Nalya,وادي نيالا,Wadi Nalya,no data,no data,no data,no data,FALSE,inside,AF,c17,c13,b07
499_a,Al-Khartum (Khartoum),"15,5518","32,5324",Sudan,Soudan,sd,ar,en,no data,no data,no data,no data,Khartum;Khartoum,الخرطوم,Khartum;Khartoum,no data,no data,no data,no data,Blue Nile,النيل الأبيض,Blue Nile,no data,no data,no data,no data,TRUE,inside,AF,c17,c19,b07
499_b,Al-Khartum (Khartoum),"15,5518","32,5324",Sudan,Soudan,sd,ar,en,no data,no data,no data,no data,Khartum;Khartoum,الخرطوم,Khartum;Khartoum,no data,no data,no data,no data,White Nile,النيل الأزرق,White Nile,no data,no data,no data,no data,TRUE,inside,AF,c17,c19,b07
806,Basel,"47,5584","7,5733",Switzerland,Suisse,ch,de,no data,no data,no data,no data,no data,Basel,Basel,no data,no data,no data,no data,no data,Rhine River,Rhein (Strom),no data,no data,no data,no data,no data,FALSE,inside,EU,c10,c16,b04
825_a,Geneve,"46,2022","6,1457",Switzerland,Suisse,ch,fr,no data,no data,no data,no data,no data,Geneva,Genève,no data,no data,no data,no data,no data,Rhône river,fleuve Rhône,no data,no data,no data,no data,no data,TRUE,inside,EU,c10,c02,b04
825_b,Geneve,"46,2022","6,1457",Switzerland,Suisse,ch,fr,no data,no data,no data,no data,no data,Geneva,Genève,no data,no data,no data,no data,no data,Arve river,rivière Arve,no data,no data,no data,no data,no data,TRUE,inside,EU,c10,c02,b04
51,Al-Raqqa,"35,95","39,0167",Syria,Syrie,sy,ar,ku,no data,no data,no data,no data,Raqqa;Al-Raqqa;Ar-raqqah;Rakka,الرقة,Reqa,no data,no data,no data,no data,Euphrates river,الفرات;نهر الفرات,Firat;Çemê Firatê,no data,no data,no data,no data,FALSE,adjacent,AS_W,c12,c14,b08
65,Deir El-Zor(Deir ez-Zor),"35,3322","40,1502",Syria,Syrie,sy,ar,ku,no data,no data,no data,no data,Deir ez-Zor;Deir Ez Zor,دَيْرُ ٱلزُّور;دَيْرُ ٱلزَّوْرِ,no data,no data,no data,no data,no data,Euphrates river,الفرات;نهر الفرات,Firat;Çemê Firatê,no data,no data,no data,no data,FALSE,adjacent,AS_W,c14,c19,b08
72,Hamah,"35,1318","36,7578",Syria,Syrie,sy,ar,ku,no data,no data,no data,no data,Hama,حماة,Hama,no data,no data,no data,no data,Orontes river;Asi river,نهر العاصي,no data,no data,no data,no data,no data,FALSE,inside,AS_W,c12,c14,b12
968,Dushanbe,"38,5358","68,7791",Tajikistan,Tadjikistan,tj,tg,ru,no data,no data,no data,no data,Dushanbe,Душанбе,Душанбе,no data,no data,no data,no data,Kofarnihon River,Кофарниҳон,Кафирниган,no data,no data,no data,no data,FALSE,adjacent,AS_W,c11,c13,b08
133,Ubon Ratchathani,"15,2384","104,8487",Thailand,Thaïlande,th,th,no data,no data,no data,no data,no data,Ubon Ratchathani,อุบลราชธานี,no data,no data,no data,no data,no data,Mun river,แม่น้ำมูล,no data,no data,no data,no data,no data,FALSE,adjacent,AS_SE,c17,c16,b02
393,Chiang Rai,"19,9083","99,8325",Thailand,Thaïlande,th,th,no data,no data,no data,no data,no data,Chiang Rai,เชียงราย,no data,no data,no data,no data,no data,Kok river,น้ำแม่กก,no data,no data,no data,no data,no data,FALSE,inside,AS_SE,c13,c11,b01
470,Lampang,"18,2923","99,4928",Thailand,Thaïlande,th,th,no data,no data,no data,no data,no data,Lampang;Nakhon Lampang,ลำปาง;นครลำปาง,no data,no data,no data,no data,no data,Wang river,แม่น้ำวัง,no data,no data,no data,no data,no data,FALSE,inside,AS_SE,c18,c02,b01
519,Ratchaburi,"13,5367","99,8169",Thailand,Thaïlande,th,th,no data,no data,no data,no data,no data,Ratchaburi,ราชบุรี;เทศบาลเมืองราชบุรี,no data,no data,no data,no data,no data,Mae Klong River,แม่น้ำแม่กลอง,no data,no data,no data,no data,no data,FALSE,inside,AS_SE,c18,c11,b01
618,Nakhon Ratchasima,"14,9707","102,102",Thailand,Thaïlande,th,th,no data,no data,no data,no data,no data,Nakhon Ratchasima,นครราชสีมา;เทศบาลนครนครราชสีมา,no data,no data,no data,no data,no data,Lam Takhong river,ลำตะคอง,no data,no data,no data,no data,no data,FALSE,inside,AS_SE,c18,c16,b02
628,Lop Buri,"14,7981","100,654",Thailand,Thaïlande,th,th,no data,no data,no data,no data,no data,Lopburi,ลพบุรี,no data,no data,no data,no data,no data,Lopburi river,แม่น้ำลพบุรี,no data,no data,no data,no data,no data,FALSE,inside,AS_SE,c17,c16,b02
659,Chanthaburi,"12,6094","102,1044",Thailand,Thaïlande,th,th,no data,no data,no data,no data,no data,Chanthaburi,จันทบุรี,no data,no data,no data,no data,no data,Chanthaburi river,แม่น้ำจันทบุรี,no data,no data,no data,no data,no data,FALSE,inside,AS_SE,c18,c01,b01
1000,Lhassa,"29,652491","91,17211",China,Chine,cn,zh,no data,no data,no data,no data,no data,Lhasa,拉萨市,no data,no data,no data,no data,no data,Lhasa River;Kyi chu,拉萨河,no data,no data,no data,no data,no data,FALSE,adjacent,AS_W,c06,c13,b10
15,Adana,"37,0017","35,3289",Turkey,Turquie,tr,tr,ku,no data,no data,no data,no data,Adana,Adana,Edene,no data,no data,no data,no data,Seyhan river,"Seyhan Nehri",Çemê Seyhan,no data,no data,no data,no data,FALSE,inside,AS_W,c08,c12,b12
923,Sakarya,"40,7738","30,4024",Turkey,Turquie,tr,tr,ku,no data,no data,no data,no data,Sakarya,Sakarya,Sakaryayê,no data,no data,no data,no data,Sakarya river,Sakarya Irmağı,Çemê Sakaryayê,no data,no data,no data,no data,FALSE,adjacent,AS_W,c11,c17,b04
967,Manisa,"38,612","27,4265",Turkey,Turquie,tr,tr,ku,no data,no data,no data,no data,Manisa,Manisa,Manisa,no data,no data,no data,no data,Gediz river,Gediz Nehri,no data,no data,no data,no data,no data,FALSE,adjacent,AS_W,c11,c16,b12
985,Diyarbakir,"37,9158","40,2189",Turkey,Turquie,tr,tr,ku,no data,no data,no data,no data,Diyarbakir,Diyarbakır,Amed;Amîda,no data,no data,no data,no data,Tigris River,Dicle Nehri,Dîcle;robarê Dîcleyê;çemê Dîcleyê;Ava Mezin,no data,no data,no data,no data,FALSE,adjacent,AS_W,c12,c16,b04
988,Batman,"37,8874","41,1322",Turkey,Turquie,tr,tr,ku,no data,no data,no data,no data,Batman,Batman,Êlih,no data,no data,no data,no data,Batman River,Batman Çayı,no data,no data,no data,no data,no data,FALSE,far,AS_W,c11,c16,b04
939_a,Ankara,"39,9199","32,8543",Turkey,Turquie,tr,tr,ku,no data,no data,no data,no data,Ankara,Ankara,Enqere,no data,no data,no data,no data,Ankara river,Ankara Çayı,no data,no data,no data,no data,no data,FALSE,inside,AS_W,c09,c16,b04
939_b,Ankara,"39,9199","32,8543",Turkey,Turquie,tr,tr,ku,no data,no data,no data,no data,Ankara,Ankara,Enqere,no data,no data,no data,no data,Çubuk river,Çubuk Çayı,no data,no data,no data,no data,no data,FALSE,inside,AS_W,c09,c16,b04
939_c,Ankara,"39,9199","32,8543",Turkey,Turquie,tr,tr,ku,no data,no data,no data,no data,Ankara,Ankara,Enqere,no data,no data,no data,no data,Hatip river,Hatip Çayı,no data,no data,no data,no data,no data,FALSE,inside,AS_W,c09,c16,b04
773,Kyiv (Kiev),"50,4454","30,5186",Ukraine,Ukraine,ua,uk,ru,no data,no data,no data,no data,Kyiv;Kiev,Ки́їв,Киев,no data,no data,no data,no data,Dniepr river;Dnipro river,Дніпро,Днепр,no data,no data,no data,no data,FALSE,inside,EU,c08,c16,b04
648,Preston,"53,761","-2,7024",United Kingdom,Royaume-Uni,gb,en,no data,no data,no data,no data,no data,Preston,Preston,no data,no data,no data,no data,no data,River Ribble,River Ribble,no data,no data,no data,no data,no data,FALSE,inside,EU,c10,c13,b04
729,Nottingham,"52,9536","-1,1505",United Kingdom,Royaume-Uni,gb,en,no data,no data,no data,no data,no data,Nottingham,Nottingham,no data,no data,no data,no data,no data,River Trent,River Trent,no data,no data,no data,no data,no data,FALSE,inside,EU,c10,c16,b04
749_1_a,Reading,"51,4112","-0,8356",United Kingdom,Royaume-Uni,gb,en,no data,no data,no data,no data,no data,Reading,Reading,no data,no data,no data,no data,no data,River Thames,River Thames,no data,no data,no data,no data,no data,TRUE,inside,EU,c10,c16,b04
749_1_b,Reading,"51,4112","-0,8356",United Kingdom,Royaume-Uni,gb,en,no data,no data,no data,no data,no data,Reading,Reading,no data,no data,no data,no data,no data,River Kennet,River Kennet,no data,no data,no data,no data,no data,TRUE,inside,EU,c10,c16,b04
749_2_a,Wokingham,"51,4112","-0,8356",United Kingdom,Royaume-Uni,gb,en,no data,no data,no data,no data,no data,Wokingham,Wokingham,no data,no data,no data,no data,no data,River Thames,River Thames,no data,no data,no data,no data,no data,TRUE,inside,EU,c10,c16,b04
749_2_b,Wokingham,"51,4112","-0,8356",United Kingdom,Royaume-Uni,gb,en,no data,no data,no data,no data,no data,Wokingham,Wokingham,no data,no data,no data,no data,no data,River Kennet,River Kennet,no data,no data,no data,no data,no data,TRUE,inside,EU,c10,c16,b04
35,Visalia,"36,3241","-119,3073",United States of America,Etats-Unis,us,en,es,no data,no data,no data,no data,Visalia,Visalia,Visalia,no data,no data,no data,no data,Saint Johns river,Saint Johns river,Río de Saint John,no data,no data,no data,no data,FALSE,adjacent,NAm,c12,c04,b08
52,Knoxville,"35,9607","-83,9277",United States of America,Etats-Unis,us,en,no data,no data,no data,no data,no data,Knoxville,Knoxville,no data,no data,no data,no data,no data,Tennessee River,no data,no data,no data,no data,no data,no data,FALSE,adjacent,NAm,c11,c06,b04
81,Little Rock,"34,742","-92,2754",United States of America,Etats-Unis,us,en,no data,no data,no data,no data,no data,Little rock,Little rock,no data,no data,no data,no data,no data,Arkansas river,Arkansas river,no data,no data,no data,no data,no data,FALSE,inside,NAm,c11,c16,b04
222,Austin,"30,27","-97,74",United States of America,États-Unis,us,en,es,no data,no data,no data,no data,Austin,Austin,Austin,no data,no data,no data,no data,Colorado River,Colorado River,Río Colorado,no data,no data,no data,no data,FALSE,inside,NAm,c14,c13,b08
223,Lafayette,"30,2242","-92,0197",United States of America,États-Unis,us,en,no data,no data,no data,no data,no data,Lafayette,Lafayette,no data,no data,no data,no data,no data,Vermillion River,no data,no data,no data,no data,no data,no data,FALSE,inside,NAm,c14,c16,b04
244,Houston,"29,7602","-95,3694",United States of America,États-Unis,us,en,es,no data,no data,no data,no data,Houston,Houston,Houston,no data,no data,no data,no data,Brazos River,Brazos River,río Brazos,no data,no data,no data,no data,FALSE,adjacent,NAm,c14,c04,b07
281,Lakeland,"28,0412","-81,959",United States of America,États-Unis,us,en,no data,no data,no data,no data,no data,Lakeland,Lakeland,no data,no data,no data,no data,no data,Peace river,Peace river,no data,no data,no data,no data,no data,FALSE,inside,NAm,c13,c16,b08
320,McAllen,"26,2163","-98,2364",United States of America,États-Unis,us,en,es,no data,no data,no data,no data,McAllen,McAllen,McAllen,no data,no data,no data,no data,Rio Grande,Rio Grande,Río Bravo (del Norte);Río Grande,no data,no data,no data,no data,FALSE,adjacent,NAm,c13,c13,b07
878,Grand Rapids,"42,9564","-85,6649",United States of America,Etats-Unis,us,en,no data,no data,no data,no data,no data,Grand Rapids,Grand Rapids,no data,no data,no data,no data,no data,Grand River,Grand River,no data,no data,no data,no data,no data,FALSE,inside,NAm,c08,c16,b04
887,Ann Arbor,"42,2776","-83,7409",United States of America,Etats-Unis,us,en,no data,no data,no data,no data,no data,Ann Arbor,Ann Arbor,no data,no data,no data,no data,no data,Huron River,Huron River,no data,no data,no data,no data,no data,FALSE,adjacent,NAm,c08,c16,b04
46,Nashville-Davidson,"36,161","-86,783",United States of America,États-Unis,us,en,no data,no data,no data,no data,no data,Nashville;Nashville-Davidson,Nashville;Nashville-Davidson,no data,no data,no data,no data,no data,Cumberland river,Cumberland river,no data,no data,no data,no data,no data,FALSE,inside,NAm,c11,c02,b04
103,Oxnard,"34,1975","-119,1771",United States of America,États-Unis,us,en,es,no data,no data,no data,no data,Oxnard,Oxnard,Oxnard,no data,no data,no data,no data,Santa Clara river,Santa Clara river,Río Santa Clara,no data,no data,no data,no data,FALSE,inside,NAm,c12,c04,b12
949,Indianapolis,"39,7909","-86,1477",United States of America,États-Unis,us,en,no data,no data,no data,no data,no data,Indianapolis,Indianapolis,no data,no data,no data,no data,no data,White River,White River,no data,no data,no data,no data,no data,FALSE,inside,NAm,c10,c16,b04
965,"Washington, D.C.","38,8951","-77,0364",United States of America,États-Unis,us,en,no data,no data,no data,no data,no data,"Washington, D.C.","Washington, D.C.",no data,no data,no data,no data,no data,Potomac River,Potomac River,no data,no data,no data,no data,no data,FALSE,inside,NAm,c11,c06,b04
975,Sacramento,"38,5816","-121,4944",United States of America,États-Unis,us,en,es,no data,no data,no data,no data,Sacramento,Sacramento,Sacramento,no data,no data,no data,no data,Sacramento River,Sacramento River,Río Sacramento,no data,no data,no data,no data,FALSE,inside,NAm,c11,c04,b05
105_a,"Columbia, South Carolina","33,9995","-81,0365",United States of America,États-Unis,us,en,no data,no data,no data,no data,no data,Columbia (South Carolina),Columbia (South Carolina),no data,no data,no data,no data,no data,Congaree River,Congaree River,no data,no data,no data,no data,no data,TRUE,inside,NAm,c11,c04,b04
105_b,"Columbia, South Carolina","33,9995","-81,0365",United States of America,États-Unis,us,en,no data,no data,no data,no data,no data,Columbia (South Carolina),Columbia (South Carolina),no data,no data,no data,no data,no data,Broad river,Broad river,no data,no data,no data,no data,no data,TRUE,inside,NAm,c11,c04,b04
105_c,"Columbia, South Carolina","33,9995","-81,0365",United States of America,États-Unis,us,en,no data,no data,no data,no data,no data,Columbia (South Carolina),Columbia (South Carolina),no data,no data,no data,no data,no data,Saluda river,Saluda river,no data,no data,no data,no data,no data,TRUE,inside,NAm,c11,c04,b04
138_1,Dallas,"32,7254","-97,3209",United States of America,États-Unis,us,en,es,no data,no data,no data,no data,Dallas,Dallas,Dallas,no data,no data,no data,no data,Trinity river,Trinity river,río Trinidad;río Trinity,no data,no data,no data,no data,FALSE,inside,NAm,c11,c12,b07
138_2,Fort Worth,"32,7254","-97,3209",United States of America,États-Unis,us,en,es,no data,no data,no data,no data,Fort Worth,Fort Worth,Fort Worth,no data,no data,no data,no data,Trinity river,Trinity river,río Trinidad;río Trinity,no data,no data,no data,no data,FALSE,inside,NAm,c12,c13,b08
282_1,Palm Bay,"28,059","-80,5983",United States of America,États-Unis,us,en,no data,no data,no data,no data,no data,Palm Bay,Palm Bay,no data,no data,no data,no data,no data,Saint Johns river,Saint Johns river,no data,no data,no data,no data,no data,FALSE,adjacent,NAm,c13,c16,b08
282_2,Melbourne,"28,059","-80,5983",United States of America,États-Unis,us,en,no data,no data,no data,no data,no data,Melbourne,Melbourne,no data,no data,no data,no data,no data,Saint Johns river,Saint Johns river,no data,no data,no data,no data,no data,FALSE,adjacent,NAm,c13,c16,b08
282_3,Titusville,"28,059","-80,5983",United States of America,États-Unis,us,en,no data,no data,no data,no data,no data,Titusville,Titusville,no data,no data,no data,no data,no data,Saint Johns river,Saint Johns river,no data,no data,no data,no data,no data,FALSE,adjacent,NAm,c13,c16,b08
885_1,Round Lake Beach,"42,354","-88,1005",United States of America,États-Unis,us,en,no data,no data,no data,no data,no data,Round Lake Beach,Round Lake Beach,no data,no data,no data,no data,no data,Fox river,Fox river,no data,no data,no data,no data,no data,FALSE,adjacent,NAm,c10,c16,b08
885_2,McHenry,"42,354","-88,1005",United States of America,États-Unis,us,en,no data,no data,no data,no data,no data,McHenry,McHenry,no data,no data,no data,no data,no data,Fox river,Fox river,no data,no data,no data,no data,no data,FALSE,adjacent,NAm,c10,c16,b08
885_3,Grayslake,"42,354","-88,1005",United States of America,États-Unis,us,en,no data,no data,no data,no data,no data,Grayslake,Grayslake,no data,no data,no data,no data,no data,Fox river,Fox river,no data,no data,no data,no data,no data,FALSE,adjacent,NAm,c10,c16,b08
892_2,Détroit,"42,3871","-83,1026",United States of America,États-Unis,us,en,no data,no data,no data,no data,no data,Detroit,Detroit,no data,no data,no data,no data,no data,Detroit River,Detroit River,no data,no data,no data,no data,no data,FALSE,inside,NAm,c11,c23,b05
908_a,Chicago,"41,85","-87,6501",United States of America,États-Unis,us,en,no data,no data,no data,no data,no data,Chicago,Chicago,no data,no data,no data,no data,no data,Chicago river,Chicago river,no data,no data,no data,no data,no data,TRUE,inside,NAm,c10,c16,b08
908_b,Chicago,"41,85","-87,6501",United States of America,États-Unis,us,en,no data,no data,no data,no data,no data,Chicago,Chicago,no data,no data,no data,no data,no data,Calumet river,Calumet river,no data,no data,no data,no data,no data,TRUE,inside,NAm,c10,c16,b08
926_1,Allentown,"40,6091","-75,476",United States of America,États-Unis,us,en,no data,no data,no data,no data,no data,Allentown,Allentown,no data,no data,no data,no data,no data,Lehigh River,Lehigh River,no data,no data,no data,no data,no data,FALSE,inside,NAm,c10,c02,b04
926_2,Bethlehem,"40,6091","-75,476",United States of America,États-Unis,us,en,no data,no data,no data,no data,no data,Bethlehem,Bethlehem,no data,no data,no data,no data,no data,Lehigh River,Lehigh River,no data,no data,no data,no data,no data,FALSE,inside,NAm,c10,c02,b04
926_3,Easton,"40,6091","-75,476",United States of America,États-Unis,us,en,no data,no data,no data,no data,no data,Easton,Easton,no data,no data,no data,no data,no data,Lehigh River,Lehigh River,no data,no data,no data,no data,no data,FALSE,inside,NAm,c10,c02,b04
951_1,Denver,"39,7343","-104,9831",United States of America,États-Unis,us,en,no data,no data,no data,no data,no data,Denver,Denver,no data,no data,no data,no data,no data,South Platte River,South Platte River,no data,no data,no data,no data,no data,FALSE,inside,NAm,c09,c12,b08
951_2,Aurora,"39,7343","-104,9831",United States of America,États-Unis,us,en,no data,no data,no data,no data,no data,Aurora,Aurora,no data,no data,no data,no data,no data,South Platte River,South Platte River,no data,no data,no data,no data,no data,FALSE,inside,NAm,c09,c12,b08
961_a,Kansas City,"39,1142","-94,6275",United States of America,États-Unis,us,en,no data,no data,no data,no data,no data,Kansas City,Kansas City,no data,no data,no data,no data,no data,Missouri river,Missouri river,no data,no data,no data,no data,no data,TRUE,inside,NAm,c11,c16,b08
961_b,Kansas City,"39,1142","-94,6275",United States of America,États-Unis,us,en,no data,no data,no data,no data,no data,Kansas City,Kansas City,no data,no data,no data,no data,no data,Kansas river,Kansas river,no data,no data,no data,no data,no data,TRUE,inside,NAm,c11,c16,b08
971_a,St. Louis,"38,6286","-90,1972",United States of America,États-Unis,us,en,no data,no data,no data,no data,no data,St. Louis,St. Louis,no data,no data,no data,no data,no data,Mississippi river,Mississippi river,no data,no data,no data,no data,no data,TRUE,inside,NAm,c11,c16,b08
971_b,St. Louis,"38,6286","-90,1972",United States of America,États-Unis,us,en,no data,no data,no data,no data,no data,St. Louis,St. Louis,no data,no data,no data,no data,no data,Missouri river,Missouri river,no data,no data,no data,no data,no data,TRUE,inside,NAm,c11,c16,b08
947,Samarkand,"39,6542","66,9597",Uzbekistan,Ouzbékistan,uz,uz,no data,no data,no data,no data,no data,Samarkand,Samarqand ;Samarqand shahri,no data,no data,no data,no data,no data,Zarafshon river;Zarafshan river;Zerafshan river,Zarafshon daryo,no data,no data,no data,no data,no data,FALSE,adjacent,AS_W,c11,c19,b08
558,Cumana,"10,4635","-64,1775",Venezuela,Venezuela,ve,es,no data,no data,no data,no data,no data,Cumana,Cumana,no data,no data,no data,no data,no data,Manzanares River,río Manzanares,no data,no data,no data,no data,no data,FALSE,inside,SA,c18,c01,b13
576,Merida,"8,5952","-71,1434",Venezuela,Venezuela,ve,es,no data,no data,no data,no data,no data,Merida,Merida,no data,no data,no data,no data,no data,Chama River,río Chama,no data,no data,no data,no data,no data,FALSE,inside,SA,c17,c01,b01
580,Ciudad Bolivar,"8,1292","-63,5409",Venezuela,Venezuela,ve,es,no data,no data,no data,no data,no data,Ciudad Bolívar,Ciudad Bolívar,no data,no data,no data,no data,no data,Orinoco River,Río Orinoco,no data,no data,no data,no data,no data,FALSE,adjacent,SA,c17,c13,b07
333,Hue,"16,4667","107,6",Vietnam,Vietnam,vn,vi,no data,no data,no data,no data,no data,Hue,Huế;Thành phố Huế,no data,no data,no data,no data,no data,Hương river;Huong river,Sông Hương,no data,no data,no data,no data,no data,FALSE,inside,AS_SE,c13,c01,b01
625,Nha Trang,"12,25","109,1833",Vietnam,Vietnam,vn,vi,no data,no data,no data,no data,no data,Nha Trang,Thành phố Nha Trang,no data,no data,no data,no data,no data,Cái River,Sông Cái,no data,no data,no data,no data,no data,FALSE,inside,AS_SE,c18,c16,b02
370_a,Thành Phố Hồ Chí Minh (Hô Chi Minh City),"10,75","106,6667",Vietnam,Vietnam,vn,vi,no data,no data,no data,no data,no data,Ho Chi Minh City;HCMC;Saigon,Thành phố Hồ Chí Minh;TP.HCM;Sài Gòn,no data,no data,no data,no data,no data,Saigon river,Sông Sài Gòn,no data,no data,no data,no data,no data,TRUE,inside,AS_SE,c18,c16,b02
370_b,Thành Phố Hồ Chí Minh (Hô Chi Minh City),"10,75","106,6667",Vietnam,Vietnam,vn,vi,no data,no data,no data,no data,no data,Ho Chi Minh City;HCMC;Saigon,Thành phố Hồ Chí Minh;TP.HCM;Sài Gòn,no data,no data,no data,no data,no data,Đồng Nai River,Sông Đồng Nai,no data,no data,no data,no data,no data,TRUE,inside,AS_SE,c18,c16,b02
680,Chitungwiza,"-18,0127","31,0756",Zimbabwe,Zimbabwe,zw,sn,en,ny,st,xh,no data,Chitungwiza,Chitungwiza,Chitungwiza,no data,no data,no data,no data,Manyame River,Rwizi Manyame,Manyame River,no data,no data,no data,no data,FALSE,adjacent,AF,c14,c03,b07
347,Varanasi,"25,3164","82,9822",India,Inde,in,hi,ur,en,no data,no data,no data,Varanasi;Benares;Banaras;Kashi,वाराणसी;काशी;बनारस,وارانسی;کاشی;بنارس,Varanasi;Benares;Banaras;Kashi,no data,no data,no data,Ganges river;Ganga river,गंगा,دریائے گنگا,river Ganges;river Ganga,no data,no data,no data,FALSE,adjacent,AS_IND,c18,c16,b01